word,index,binary
abide,0,00000000000
ability,1,00000000001
able,2,00000000011
abnormal,3,00000000010
abstracted,4,00000000110
abstracts,5,00000000111
accept,6,00000000101
acceptable,7,00000000100
accepting,8,00000001100
access,9,00000001101
accessed,10,00000001111
accessibility,11,00000001110
accessible,12,00000001010
accommodate,13,00000001011
accommodated,14,00000001001
accompanied,15,00000001000
accomplish,16,00000011000
according,17,00000011001
accordingly,18,00000011011
account,19,00000011010
accountability,20,00000011110
accounts,21,00000011111
accumulate,22,00000011101
accumulation,23,00000011100
accuracythe,24,00000010100
accurate,25,00000010101
accurately,26,00000010111
achieved,27,00000010110
achieving,28,00000010010
acknowledge,29,00000010011
acknowledgements,30,00000010001
across,31,00000010000
act,32,00000110000
acted,33,00000110001
action,34,00000110011
actions,35,00000110010
activated,36,00000110110
activating,37,00000110111
activation,38,00000110101
active,39,00000110100
activities,40,00000111100
activity,41,00000111101
actor,42,00000111111
acts,43,00000111110
actual,44,00000111010
adaptability,45,00000111011
adaptable,46,00000111001
adaptation,47,00000111000
adapting,48,00000101000
add,49,00000101001
added,50,00000101011
addedit,51,00000101010
addition,52,00000101110
additional,53,00000101111
additionally,54,00000101101
addremove,55,00000101100
address,56,00000100100
addresses,57,00000100101
adequate,58,00000100111
adjustable,59,00000100110
adjustment,60,00000100010
adjustments,61,00000100011
admin,62,00000100001
administrative,63,00000100000
administrator,64,00001100000
administrators,65,00001100001
admins,66,00001100011
adminusers,67,00001100010
admissibility,68,00001100110
adopting,69,00001100111
advanced,70,00001100101
advantage,71,00001100100
advise,72,00001101100
affect,73,00001101101
affecting,74,00001101111
afterward,75,00001101110
age,76,00001101010
agent,77,00001101011
agents,78,00001101001
aggregate,79,00001101000
aids,80,00001111000
aips,81,00001111001
ajax,82,00001111011
alert,83,00001111010
alerts,84,00001111110
alive,85,00001111111
allocate,86,00001111101
allocated,87,00001111100
allocation,88,00001110100
allow,89,00001110101
allowed,90,00001110111
allowing,91,00001110110
allows,92,00001110010
along,93,00001110011
also,94,00001110001
alter,95,00001110000
alternate,96,00001010000
alternative,97,00001010001
alternatively,98,00001010011
alternatives,99,00001010010
always,100,00001010110
among,101,00001010111
amount,102,00001010101
amounts,103,00001010100
analyse,104,00001011100
analysis,105,00001011101
andor,106,00001011111
android,107,00001011110
another,108,00001011010
answers,109,00001011011
anyone,110,00001011001
anything,111,00001011000
apache,112,00001001000
api,113,00001001001
app,114,00001001011
appear,115,00001001010
appearance,116,00001001110
appears,117,00001001111
apple,118,00001001101
applicable,119,00001001100
application,120,00001000100
applications,121,00001000101
applied,122,00001000111
apply,123,00001000110
approach,124,00001000010
approaches,125,00001000011
appropriate,126,00001000001
appropriately,127,00001000000
approve,128,00011000000
arate,129,00011000001
aration,130,00011000011
architecture,131,00011000010
archive,132,00011000110
archiving,133,00011000111
area,134,00011000101
areas,135,00011000100
arise,136,00011001100
arising,137,00011001101
around,138,00011001111
arrangement,139,00011001110
ase,140,00011001010
asks,141,00011001011
aspects,142,00011001001
assemble,143,00011001000
assembly,144,00011011000
assigned,145,00011011001
assigning,146,00011011011
assist,147,00011011010
associated,148,00011011110
assume,149,00011011111
assumed,150,00011011101
assumption,151,00011011100
assure,152,00011010100
attacks,153,00011010101
attempt,154,00011010111
attempted,155,00011010110
attempts,156,00011010010
attend,157,00011010011
attributed,158,00011010001
attributes,159,00011010000
audit,160,00011110000
auditors,161,00011110001
authenticate,162,00011110011
authentication,163,00011110010
authorised,164,00011110110
authority,165,00011110111
authorize,166,00011110101
authorized,167,00011110100
auto,168,00011111100
autocorrection,169,00011111101
automated,170,00011111111
automatic,171,00011111110
automatically,172,00011111010
automating,173,00011111011
auxiliary,174,00011111001
availability,175,00011111000
available,176,00011101000
average,177,00011101001
avoid,178,00011101011
avoided,179,00011101010
avoiding,180,00011101110
aware,181,00011101111
awareness,182,00011101101
back,183,00011101100
backend,184,00011100100
background,185,00011100101
backup,186,00011100111
band,187,00011100110
bandwidth,188,00011100010
bar,189,00011100011
barbara,190,00011100001
barcode,191,00011100000
based,192,00010100000
baseline,193,00010100001
basic,194,00010100011
basis,195,00010100010
bathrooms,196,00010100110
becomes,197,00010100111
bedrooms,198,00010100101
begin,199,00010100100
behavior,200,00010101100
behaviour,201,00010101101
behind,202,00010101111
better,203,00010101110
beyond,204,00010101010
big,205,00010101011
block,206,00010101001
blocked,207,00010101000
blocks,208,00010111000
book,209,00010111001
bookking,210,00010111011
books,211,00010111010
boot,212,00010111110
bootstrap,213,00010111111
bots,214,00010111101
bottlenecked,215,00010111100
bound,216,00010110100
box,217,00010110101
branch,218,00010110111
breach,219,00010110110
broadcast,220,00010110010
broadcaster,221,00010110011
broadcasters,222,00010110001
broadcasting,223,00010110000
broadcasts,224,00010010000
browse,225,00010010001
browser,226,00010010011
browsing,227,00010010010
budget,228,00010010110
buffer,229,00010010111
buffering,230,00010010101
bullet,231,00010010100
bulleted,232,00010011100
business,233,00010011101
button,234,00010011111
buttons,235,00010011110
buyers,236,00010011010
cache,237,00010011011
cached,238,00010011001
call,239,00010011000
calls,240,00010001000
camera,241,00010001001
cameras,242,00010001011
campuses,243,00010001010
cancel,244,00010001110
cancelled,245,00010001111
cannot,246,00010001101
capabilities,247,00010001100
capability,248,00010000100
capable,249,00010000101
capacity,250,00010000111
captcha,251,00010000110
captchabased,252,00010000010
capture,253,00010000011
captures,254,00010000001
capturing,255,00010000000
care,256,00110000000
careful,257,00110000001
carried,258,00110000011
carrying,259,00110000010
case,260,00110000110
cases,261,00110000111
castes,262,00110000101
catastrophes,263,00110000100
catch,264,00110001100
categories,265,00110001101
category,266,00110001111
categorywise,267,00110001110
cause,268,00110001010
cctns,269,00110001011
certain,270,00110001001
certificate,271,00110001000
chain,272,00110011000
chainable,273,00110011001
change,274,00110011011
changed,275,00110011010
changes,276,00110011110
changing,277,00110011111
channel,278,00110011101
channels,279,00110011100
characteristics,280,00110010100
characterized,281,00110010101
chat,282,00110010111
check,283,00110010110
checking,284,00110010010
chief,285,00110010011
choose,286,00110010001
chooses,287,00110010000
chrome,288,00110110000
chronological,289,00110110001
chunks,290,00110110011
citizen,291,00110110010
citizens,292,00110110110
clear,293,00110110111
clearly,294,00110110101
click,295,00110110100
client,296,00110111100
clientserver,297,00110111101
clientside,298,00110111111
closing,299,00110111110
cloud,300,00110111010
coarse,301,00110111011
code,302,00110111001
codes,303,00110111000
coding,304,00110101000
cognitively,305,00110101001
college,306,00110101011
color,307,00110101010
colors,308,00110101110
colour,309,00110101111
colours,310,00110101101
columns,311,00110101100
combination,312,00110100100
combinations,313,00110100101
combine,314,00110100111
coming,315,00110100110
command,316,00110100010
common,317,00110100011
commonly,318,00110100001
communicate,319,00110100000
communicated,320,00111100000
communication,321,00111100001
communications,322,00111100011
commute,323,00111100010
compare,324,00111100110
comparing,325,00111100111
comparison,326,00111100101
comparisons,327,00111100100
compatibility,328,00111101100
compatible,329,00111101101
compiles,330,00111101111
complainants,331,00111101110
complaint,332,00111101010
complaints,333,00111101011
complete,334,00111101001
completed,335,00111101000
complexities,336,00111111000
complextocomplex,337,00111111001
comply,338,00111111011
component,339,00111111010
components,340,00111111110
compression,341,00111111111
computation,342,00111111101
computational,343,00111111100
compute,344,00111110100
computer,345,00111110101
computers,346,00111110111
computing,347,00111110110
concentrate,348,00111110010
concept,349,00111110011
concerned,350,00111110001
conction,351,00111110000
condition,352,00111010000
conditions,353,00111010001
conduit,354,00111010011
configuration,355,00111010010
configurations,356,00111010110
configured,357,00111010111
conflict,358,00111010101
confuse,359,00111010100
connect,360,00111011100
connecting,361,00111011101
connection,362,00111011111
connections,363,00111011110
connectivity,364,00111011010
consideration,365,00111011011
considered,366,00111011001
consist,367,00111011000
consistency,368,00111001000
consistent,369,00111001001
consistently,370,00111001011
constable,371,00111001010
constantly,372,00111001110
constraining,373,00111001111
constraint,374,00111001101
constraints,375,00111001100
construct,376,00111000100
constructed,377,00111000101
consulted,378,00111000111
contact,379,00111000110
contain,380,00111000010
containing,381,00111000011
contains,382,00111000001
content,383,00111000000
contents,384,00101000000
context,385,00101000001
contexts,386,00101000011
contextsensitive,387,00101000010
continuous,388,00101000110
control,389,00101000111
controlled,390,00101000101
controls,391,00101000100
convenience,392,00101001100
converted,393,00101001101
conveying,394,00101001111
convolution,395,00101001110
coordinates,396,00101001010
copying,397,00101001011
core,398,00101001001
correction,399,00101001000
corrections,400,00101011000
correctly,401,00101011001
correctn,402,00101011011
correctness,403,00101011010
correlated,404,00101011110
correlator,405,00101011111
correspondences,406,00101011101
corrupted,407,00101011100
cost,408,00101010100
could,409,00101010101
count,410,00101010111
counterpart,411,00101010110
counts,412,00101010010
course,413,00101010011
court,414,00101010001
courts,415,00101010000
cpan,416,00101110000
cpu,417,00101110001
crashed,418,00101110011
crashes,419,00101110010
create,420,00101110110
created,421,00101110111
createreadupdatedelete,422,00101110101
creating,423,00101110100
crime,424,00101111100
criminalaccused,425,00101111101
criteria,426,00101111111
critical,427,00101111110
cross,428,00101111010
css,429,00101111011
currency,430,00101111001
current,431,00101111000
currently,432,00101101000
customer,433,00101101001
customers,434,00101101011
customisation,435,00101101010
customise,436,00101101110
customizable,437,00101101111
customize,438,00101101101
customizing,439,00101101100
cut,440,00101100100
cutting,441,00101100101
damaged,442,00101100111
dashed,443,00101100110
dat,444,00101100010
data,445,00101100011
database,446,00101100001
databases,447,00101100000
datathis,448,00100100000
date,449,00100100001
datelocation,450,00100100011
dates,451,00100100010
day,452,00100100110
dealing,453,00100100111
debugtest,454,00100100101
deduct,455,00100100100
defaults,456,00100101100
defect,457,00100101101
defects,458,00100101111
define,459,00100101110
defined,460,00100101010
defines,461,00100101011
defunct,462,00100101001
degrade,463,00100101000
delay,464,00100111000
delete,465,00100111001
deleted,466,00100111011
deliver,467,00100111010
delivering,468,00100111110
delivery,469,00100111111
demand,470,00100111101
denial,471,00100111100
denied,472,00100110100
department,473,00100110101
dependencies,474,00100110111
deployment,475,00100110110
deploys,476,00100110010
derived,477,00100110011
describe,478,00100110001
described,479,00100110000
describes,480,00100010000
description,481,00100010001
descriptions,482,00100010011
descriptive,483,00100010010
design,484,00100010110
designated,485,00100010111
designed,486,00100010101
designing,487,00100010100
desirable,488,00100011100
desktop,489,00100011101
desktops,490,00100011111
destination,491,00100011110
detailed,492,00100011010
detailing,493,00100011011
details,494,00100011001
detected,495,00100011000
detecting,496,00100001000
detection,497,00100001001
determination,498,00100001011
determining,499,00100001010
develop,500,00100001110
development,501,00100001111
device,502,00100001101
devices,503,00100001100
diagram,504,00100000100
dialogues,505,00100000101
different,506,00100000111
differently,507,00100000110
difficult,508,00100000010
difficulties,509,00100000011
direct,510,00100000001
directly,511,00100000000
disabilities,512,01100000000
disaster,513,01100000001
disastrous,514,01100000011
disconnect,515,01100000010
disconnections,516,01100000110
discount,517,01100000111
disk,518,01100000101
dispersed,519,01100000100
display,520,01100001100
displayed,521,01100001101
displays,522,01100001111
disruptions,523,01100001110
distance,524,01100001010
distances,525,01100001011
distancing,526,01100001001
distinguishable,527,01100001000
distinguishing,528,01100011000
distract,529,01100011001
distributed,530,01100011011
districts,531,01100011010
diverse,532,01100011110
division,533,01100011111
document,534,01100011101
documentation,535,01100011100
documents,536,01100010100
dollars,537,01100010101
domain,538,01100010111
done,539,01100010110
download,540,01100010010
downscale,541,01100010011
downtime,542,01100010001
draw,543,01100010000
drive,544,01100110000
dropdown,545,01100110001
drudgery,546,01100110011
dtls,547,01100110010
dtlssrtp,548,01100110110
due,549,01100110111
duplicate,550,01100110101
durability,551,01100110100
duration,552,01100111100
dynamic,553,01100111101
dynamically,554,01100111111
eases,555,01100111110
easily,556,01100111010
easing,557,01100111011
easy,558,01100111001
edge,559,01100111000
edit,560,01100101000
edited,561,01100101001
educate,562,01100101011
ee,563,01100101010
effect,564,01100101110
effectively,565,01100101111
effectiveness,566,01100101101
effects,567,01100101100
efficiencies,568,01100100100
efficiency,569,01100100101
efficient,570,01100100111
effort,571,01100100110
eg,572,01100100010
either,573,01100100011
elapsed,574,01100100001
elements,575,01100100000
elementsrules,576,01101100000
email,577,01101100001
emails,578,01101100011
embedded,579,01101100010
employ,580,01101100110
employees,581,01101100111
employs,582,01101100101
enable,583,01101100100
enabling,584,01101101100
enclosures,585,01101101101
encompasses,586,01101101111
encounter,587,01101101110
encounters,588,01101101010
encrypted,589,01101101011
encryption,590,01101101001
end,591,01101101000
enforce,592,01101111000
enforced,593,01101111001
engineering,594,01101111011
enhancement,595,01101111010
enough,596,01101111110
ensure,597,01101111111
enter,598,01101111101
entered,599,01101111100
entering,600,01101110100
entire,601,01101110101
entities,602,01101110111
entralized,603,01101110110
entries,604,01101110010
entry,605,01101110011
environments,606,01101110001
equipped,607,01101110000
equivalent,608,01101010000
equivalents,609,01101010001
error,610,01101010011
errors,611,01101010010
especially,612,01101010110
essentially,613,01101010111
essys,614,01101010101
etc,615,01101010100
ethically,616,01101011100
even,617,01101011101
event,618,01101011111
events,619,01101011110
every,620,01101011010
evidence,621,01101011011
evident,622,01101011001
evla,623,01101011000
evolving,624,01101001000
ex,625,01101001001
examine,626,01101001011
example,627,01101001010
exceed,628,01101001110
except,629,01101001111
exchange,630,01101001101
exchanged,631,01101001100
exclusion,632,01101000100
execute,633,01101000101
execution,634,01101000111
existence,635,01101000110
existing,636,01101000010
expect,637,01101000011
expectation,638,01101000001
expectations,639,01101000000
expected,640,01111000000
experience,641,01111000001
explanatory,642,01111000011
explicit,643,01111000010
exploration,644,01111000110
export,645,01111000111
expressed,646,01111000101
extended,647,01111000100
extensibility,648,01111001100
extent,649,01111001101
external,650,01111001111
externally,651,01111001110
face,652,01111001010
facilitates,653,01111001011
facilities,654,01111001001
facility,655,01111001000
facts,656,01111011000
fails,657,01111011001
failure,658,01111011011
failures,659,01111011010
familiar,660,01111011110
familiarity,661,01111011111
fast,662,01111011101
fault,663,01111011100
feature,664,01111010100
features,665,01111010101
feedback,666,01111010111
feel,667,01111010110
fidelity,668,01111010010
fields,669,01111010011
figure,670,01111010001
file,671,01111010000
files,672,01111110000
fill,673,01111110001
filled,674,01111110011
filter,675,01111110010
filters,676,01111110110
final,677,01111110111
finally,678,01111110101
find,679,01111110100
finding,680,01111111100
fine,681,01111111101
finished,682,01111111111
fireb,683,01111111110
firebase,684,01111111010
firefox,685,01111111011
first,686,01111111001
fit,687,01111111000
fixed,688,01111101000
flag,689,01111101001
flagging,690,01111101011
flags,691,01111101010
flexibility,692,01111101110
flexible,693,01111101111
focused,694,01111101101
focuses,695,01111101100
follow,696,01111100100
following,697,01111100101
font,698,01111100111
fonts,699,01111100110
footage,700,01111100010
footer,701,01111100011
forgot,702,01111100001
form,703,01111100000
format,704,01110100000
formats,705,01110100001
formatted,706,01110100011
formatting,707,01110100010
formdata,708,01110100110
forms,709,01110100111
forum,710,01110100101
forward,711,01110100100
foul,712,01110101100
found,713,01110101101
fourier,714,01110101111
frame,715,01110101110
framebased,716,01110101010
frames,717,01110101011
framesets,718,01110101001
framework,719,01110101000
free,720,01110111000
freeway,721,01110111001
frequencies,722,01110111011
frequency,723,01110111010
frequently,724,01110111110
frequentlyexecuted,725,01110111111
frequentlyused,726,01110111101
friendliness,727,01110111100
friendly,728,01110110100
friends,729,01110110101
front,730,01110110111
frontend,731,01110110110
frontfacing,732,01110110010
full,733,01110110011
fully,734,01110110001
function,735,01110110000
functional,736,01110010000
functionalities,737,01110010001
functionality,738,01110010011
functionally,739,01110010010
functioning,740,01110010110
functions,741,01110010111
furthermore,742,01110010101
future,743,01110010100
general,744,01110011100
generally,745,01110011101
generate,746,01110011111
generated,747,01110011110
generic,748,01110011010
geographical,749,01110011011
get,750,01110011001
github,751,01110011000
give,752,01110001000
given,753,01110001001
gives,754,01110001011
go,755,01110001010
goal,756,01110001110
goals,757,01110001111
going,758,01110001101
good,759,01110001100
google,760,01110000100
gracefully,761,01110000101
gram,762,01110000111
grant,763,01110000110
granted,764,01110000010
graphical,765,01110000011
greater,766,01110000001
group,767,01110000000
grouped,768,01010000000
groups,769,01010000001
guarantee,770,01010000011
gui,771,01010000010
guidance,772,01010000110
guide,773,01010000111
guidelines,774,01010000101
hack,775,01010000100
halal,776,01010001100
halting,777,01010001101
hand,778,01010001111
handle,779,01010001110
handled,780,01010001010
handling,781,01010001011
hangs,782,01010001001
happen,783,01010001000
hardware,784,01010011000
header,785,01010011001
headings,786,01010011011
help,787,01010011010
helpdesk,788,01010011110
helping,789,01010011111
helps,790,01010011101
hence,791,01010011100
heroku,792,01010010100
hides,793,01010010101
hiding,794,01010010111
high,795,01010010110
highlighted,796,01010010010
hijacking,797,01010010011
hisher,798,01010010001
hit,799,01010010000
home,800,01010110000
homepage,801,01010110001
homepages,802,01010110011
hooking,803,01010110010
hooks,804,01010110110
horizontal,805,01010110111
hosts,806,01010110101
hours,807,01010110100
house,808,01010111100
houses,809,01010111101
housingu,810,01010111111
however,811,01010111110
hpresentationrelated,812,01010111010
html,813,01010111011
http,814,01010111001
https,815,01010111000
human,816,01010101000
ice,817,01010101001
ict,818,01010101011
id,819,01010101010
idea,820,01010101110
ideally,821,01010101111
ideas,822,01010101101
identificationg,823,01010101100
identified,824,01010100100
identifier,825,01010100101
identify,826,01010100111
identity,827,01010100110
idle,828,01010100010
ids,829,01010100011
ie,830,01010100001
illegal,831,01010100000
image,832,01011100000
images,833,01011100001
immediately,834,01011100011
impact,835,01011100010
impair,836,01011100110
impede,837,01011100111
impeded,838,01011100101
implement,839,01011100100
implementation,840,01011101100
implementations,841,01011101101
implemented,842,01011101111
implements,843,01011101110
implications,844,01011101010
implies,845,01011101011
important,846,01011101001
impose,847,01011101000
improves,848,01011111000
inbuilt,849,01011111001
incidents,850,01011111011
include,851,01011111010
included,852,01011111110
includes,853,01011111111
including,854,01011111101
incoming,855,01011111100
incorrectly,856,01011110100
increase,857,01011110101
increased,858,01011110111
increasing,859,01011110110
independence,860,01011110010
independently,861,01011110011
indicate,862,01011110001
indicated,863,01011110000
indicating,864,01011010000
indication,865,01011010001
individual,866,01011010011
individualization,867,01011010010
individualizing,868,01011010110
industry,869,01011010111
industrystandard,870,01011010101
infer,871,01011010100
inferred,872,01011011100
infinities,873,01011011101
information,874,01011011111
infrequently,875,01011011110
infs,876,01011011010
ingredients,877,01011011011
initial,878,01011011001
initiate,879,01011011000
initiated,880,01011001000
initiates,881,01011001001
initiating,882,01011001011
initiator,883,01011001010
inline,884,01011001110
input,885,01011001111
inputs,886,01011001101
inside,887,01011001100
inspection,888,01011000100
install,889,01011000101
instance,890,01011000111
instantly,891,01011000110
institute,892,01011000010
intact,893,01011000011
integral,894,01011000001
integrated,895,01011000000
integration,896,01001000000
integrity,897,01001000001
intelligently,898,01001000011
intended,899,01001000010
interact,900,01001000110
interacting,901,01001000111
interaction,902,01001000101
interactions,903,01001000100
interacts,904,01001001100
interchange,905,01001001101
interconnect,906,01001001111
interconnects,907,01001001110
interest,908,01001001010
interested,909,01001001011
interesting,910,01001001001
interface,911,01001001000
interfaces,912,01001011000
interfacing,913,01001011001
internal,914,01001011011
internally,915,01001011010
internals,916,01001011110
international,917,01001011111
internet,918,01001011101
interrupted,919,01001011100
interruption,920,01001010100
interruptions,921,01001010101
intervention,922,01001010111
inthen,923,01001010110
introduces,924,01001010010
intuitive,925,01001010011
invalid,926,01001010001
invalids,927,01001010000
investigation,928,01001110000
invoke,929,01001110001
involve,930,01001110011
involved,931,01001110010
involving,932,01001110110
io,933,01001110111
ip,934,01001110101
irrelevant,935,01001110100
ision,936,01001111100
isla,937,01001111101
iso,938,01001111111
isolated,939,01001111110
issue,940,01001111010
issuedreturned,941,01001111011
issues,942,01001111001
item,943,01001111000
items,944,01001101000
jakim,945,01001101001
java,946,01001101011
javascript,947,01001101010
joining,948,01001101110
jqueryajax,949,01001101111
js,950,01001101101
json,951,01001101100
ked,952,01001100100
keep,953,01001100101
keeping,954,01001100111
key,955,01001100110
keyboard,956,01001100010
keys,957,01001100011
keywords,958,01001100001
kill,959,01001100000
king,960,01000100000
know,961,01000100001
knowledge,962,01000100011
knowledgepark,963,01000100010
label,964,01000100110
labelled,965,01000100111
labels,966,01000100101
lag,967,01000100100
landing,968,01000101100
landk,969,01000101101
language,970,01000101111
laptop,971,01000101110
laptops,972,01000101010
large,973,01000101011
larger,974,01000101001
latency,975,01000101000
later,976,01000111000
latest,977,01000111001
layout,978,01000111011
ldap,979,01000111010
lead,980,01000111110
leading,981,01000111111
learn,982,01000111101
least,983,01000111100
leaving,984,01000110100
legal,985,01000110101
legibility,986,01000110111
leisure,987,01000110110
lending,988,01000110010
length,989,01000110011
lengths,990,01000110001
less,991,01000110000
lessen,992,01000010000
level,993,01000010001
levels,994,01000010011
librarian,995,01000010010
librarians,996,01000010110
library,997,01000010111
life,998,01000010101
like,999,01000010100
likely,1000,01000011100
limit,1001,01000011101
limited,1002,01000011111
line,1003,01000011110
link,1004,01000011010
linking,1005,01000011011
links,1006,01000011001
list,1007,01000011000
listed,1008,01000001000
listing,1009,01000001001
listings,1010,01000001011
lists,1011,01000001010
little,1012,01000001110
live,1013,01000001111
localization,1014,01000001101
located,1015,01000001100
location,1016,01000000100
locations,1017,01000000101
log,1018,01000000111
logged,1019,01000000110
logic,1020,01000000010
logical,1021,01000000011
login,1022,01000000001
logo,1023,01000000000
logobarcode,1024,11000000000
long,1025,11000000001
longer,1026,11000000011
look,1027,11000000010
looking,1028,11000000110
loss,1029,11000000111
lost,1030,11000000101
lot,1031,11000000100
lowbandwidth,1032,11000001100
lower,1033,11000001101
macbook,1034,11000001111
made,1035,11000001110
main,1036,11000001010
mainly,1037,11000001011
maintain,1038,11000001001
maintainability,1039,11000001000
maintained,1040,11000011000
maintaining,1041,11000011001
maintains,1042,11000011011
maintenance,1043,11000011010
make,1044,11000011110
makes,1045,11000011111
making,1046,11000011101
malls,1047,11000011100
man,1048,11000010100
manage,1049,11000010101
manageable,1050,11000010111
managed,1051,11000010110
management,1052,11000010010
manipulating,1053,11000010011
manipulation,1054,11000010001
manner,1055,11000010000
mannerg,1056,11000110000
manual,1057,11000110001
manufacture,1058,11000110011
many,1059,11000110010
map,1060,11000110110
maps,1061,11000110111
marking,1062,11000110101
match,1063,11000110100
material,1064,11000111100
matter,1065,11000111101
matters,1066,11000111111
maximum,1067,11000111110
mbytessec,1068,11000111010
mc,1069,11000111011
mean,1070,11000111001
meaningful,1071,11000111000
means,1072,11000101000
measurement,1073,11000101001
mechanism,1074,11000101011
mechanisms,1075,11000101010
media,1076,11000101110
mediastream,1077,11000101111
medium,1078,11000101101
meet,1079,11000101100
meeting,1080,11000100100
meetings,1081,11000100101
member,1082,11000100111
members,1083,11000100110
memory,1084,11000100010
mental,1085,11000100011
mentioned,1086,11000100001
menu,1087,11000100000
menus,1088,11001100000
message,1089,11001100001
messagedata,1090,11001100011
messages,1091,11001100010
meta,1092,11001100110
metadata,1093,11001100111
method,1094,11001100101
methods,1095,11001100100
metro,1096,11001101100
microphone,1097,11001101101
middle,1098,11001101111
might,1099,11001101110
migration,1100,11001101010
mind,1101,11001101011
minimal,1102,11001101001
minimization,1103,11001101000
minimize,1104,11001111000
minimized,1105,11001111001
minimizing,1106,11001111011
minimum,1107,11001111010
missing,1108,11001111110
mitigation,1109,11001111111
mobile,1110,11001111101
mockup,1111,11001111100
mode,1112,11001110100
models,1113,11001110101
modern,1114,11001110111
modified,1115,11001110110
modify,1116,11001110010
module,1117,11001110011
modules,1118,11001110001
modus,1119,11001110000
monitor,1120,11001010000
monitored,1121,11001010001
monitoring,1122,11001010011
month,1123,11001010010
monthly,1124,11001010110
months,1125,11001010111
morally,1126,11001010101
moreover,1127,11001010100
move,1128,11001011100
mozilla,1129,11001011101
much,1130,11001011111
multimedia,1131,11001011110
multipart,1132,11001011010
multiple,1133,11001011011
mus,1134,11001011001
must,1135,11001011000
mysql,1136,11001001000
na,1137,11001001001
name,1138,11001001011
nameprize,1139,11001001010
names,1140,11001001110
nans,1141,11001001111
narrow,1142,11001001101
national,1143,11001001100
native,1144,11001000100
nave,1145,11001000101
navigating,1146,11001000111
navigation,1147,11001000110
near,1148,11001000010
necessarily,1149,11001000011
necessary,1150,11001000001
need,1151,11001000000
needed,1152,11011000000
needs,1153,11011000001
negative,1154,11011000011
negotiation,1155,11011000010
neither,1156,11011000110
network,1157,11011000111
networks,1158,11011000101
never,1159,11011000100
new,1160,11011001100
newer,1161,11011001101
next,1162,11011001111
noise,1163,11011001110
non,1164,11011001010
none,1165,11011001011
nonexpected,1166,11011001001
nonexperts,1167,11011001000
nonfunctional,1168,11011011000
nonfunctioning,1169,11011011001
nonhalal,1170,11011011011
nonprivileged,1171,11011011010
nontext,1172,11011011110
normal,1173,11011011111
normalization,1174,11011011101
normalizations,1175,11011011100
normally,1176,11011010100
note,1177,11011010101
notes,1178,11011010111
notified,1179,11011010110
notify,1180,11011010010
number,1181,11011010011
numbers,1182,11011010001
objects,1183,11011010000
observational,1184,11011110000
observed,1185,11011110001
observing,1186,11011110011
obtained,1187,11011110010
occur,1188,11011110110
occurred,1189,11011110111
occurs,1190,11011110101
odingtranscoding,1191,11011110100
offered,1192,11011111100
offering,1193,11011111101
offers,1194,11011111111
office,1195,11011111110
officers,1196,11011111010
offline,1197,11011111011
offload,1198,11011111001
older,1199,11011111000
one,1200,11011101000
online,1201,11011101001
onscreen,1202,11011101011
open,1203,11011101010
opened,1204,11011101110
opening,1205,11011101111
operable,1206,11011101101
operandi,1207,11011101100
operate,1208,11011100100
operates,1209,11011100101
operating,1210,11011100111
operation,1211,11011100110
operational,1212,11011100010
operations,1213,11011100011
opposed,1214,11011100001
option,1215,11011100000
optional,1216,11010100000
optionally,1217,11010100001
options,1218,11010100011
order,1219,11010100010
ordered,1220,11010100110
organised,1221,11010100111
organizing,1222,11010100101
orientation,1223,11010100100
oriented,1224,11010101100
originates,1225,11010101101
os,1226,11010101111
outage,1227,11010101110
output,1228,11010101010
outside,1229,11010101011
overall,1230,11010101001
overflow,1231,11010101000
overflows,1232,11010111000
overlay,1233,11010111001
overload,1234,11010111011
overview,1235,11010111010
overviews,1236,11010111110
owner,1237,11010111111
owners,1238,11010111101
package,1239,11010111100
packets,1240,11010110100
page,1241,11010110101
pages,1242,11010110111
panel,1243,11010110110
paper,1244,11010110010
paperwork,1245,11010110011
parameter,1246,11010110001
parameters,1247,11010110000
parks,1248,11010010000
part,1249,11010010001
partial,1250,11010010011
participant,1251,11010010010
participants,1252,11010010110
particular,1253,11010010111
particularly,1254,11010010101
parties,1255,11010010100
parts,1256,11010011100
party,1257,11010011101
passed,1258,11010011111
password,1259,11010011110
passwords,1260,11010011010
past,1261,11010011011
paths,1262,11010011001
patterns,1263,11010011000
peak,1264,11010001000
peer,1265,11010001001
peers,1266,11010001011
peertopeer,1267,11010001010
pending,1268,11010001110
people,1269,11010001111
peoples,1270,11010001101
per,1271,11010001100
perceiving,1272,11010000100
perception,1273,11010000101
perform,1274,11010000111
performance,1275,11010000110
performed,1276,11010000010
performing,1277,11010000011
performs,1278,11010000001
period,1279,11010000000
periodically,1280,11110000000
periods,1281,11110000001
perlldap,1282,11110000011
permission,1283,11110000010
persistent,1284,11110000110
person,1285,11110000111
personal,1286,11110000101
personallyidentifiable,1287,11110000100
personnel,1288,11110001100
peruser,1289,11110001101
phone,1290,11110001111
phrases,1291,11110001110
physical,1292,11110001010
pids,1293,11110001011
piece,1294,11110001001
pillai,1295,11110001000
piped,1296,11110011000
pipeline,1297,11110011001
place,1298,11110011011
placed,1299,11110011010
places,1300,11110011110
placing,1301,11110011111
plain,1302,11110011101
plaintext,1303,11110011100
plan,1304,11110010100
planned,1305,11110010101
planning,1306,11110010111
platform,1307,11110010110
platforms,1308,11110010010
plays,1309,11110010011
plus,1310,11110010001
point,1311,11110010000
points,1312,11110110000
police,1313,11110110001
policies,1314,11110110011
policy,1315,11110110010
popup,1316,11110110110
portability,1317,11110110111
portable,1318,11110110101
position,1319,11110110100
positions,1320,11110111100
positive,1321,11110111101
possible,1322,11110111111
possibleg,1323,11110111110
post,1324,11110111010
postal,1325,11110111011
posted,1326,11110111001
posting,1327,11110111000
postings,1328,11110101000
potential,1329,11110101001
potentially,1330,11110101011
power,1331,11110101010
poweroftwo,1332,11110101110
ppcast,1333,11110101111
ppcasts,1334,11110101101
practical,1335,11110101100
practices,1336,11110100100
preclude,1337,11110100101
predefined,1338,11110100111
predetermined,1339,11110100110
prefer,1340,11110100010
preferable,1341,11110100011
preferably,1342,11110100001
preference,1343,11110100000
preferences,1344,11111100000
preferred,1345,11111100001
presence,1346,11111100011
present,1347,11111100010
presentation,1348,11111100110
presentations,1349,11111100111
presented,1350,11111100101
presenting,1351,11111100100
prevent,1352,11111101100
previous,1353,11111101101
price,1354,11111101111
prices,1355,11111101110
principles,1356,11111101010
printable,1357,11111101011
printed,1358,11111101001
printerfriendly,1359,11111101000
prints,1360,11111111000
prior,1361,11111111001
priorities,1362,11111111011
priority,1363,11111111010
privacy,1364,11111111110
private,1365,11111111111
privileges,1366,11111111101
priy,1367,11111111100
problems,1368,11111110100
proceeding,1369,11111110101
proceedings,1370,11111110111
process,1371,11111110110
processed,1372,11111110010
processes,1373,11111110011
processing,1374,11111110001
processor,1375,11111110000
processors,1376,11111010000
produce,1377,11111010001
produced,1378,11111010011
product,1379,11111010010
productivity,1380,11111010110
products,1381,11111010111
professional,1382,11111010101
profile,1383,11111010100
profiles,1384,11111011100
program,1385,11111011101
programming,1386,11111011111
progress,1387,11111011110
progression,1388,11111011010
project,1389,11111011011
proof,1390,11111011001
proper,1391,11111011000
properly,1392,11111001000
properties,1393,11111001001
property,1394,11111001011
proportions,1395,11111001010
proposed,1396,11111001110
pros,1397,11111001111
prosecution,1398,11111001101
protected,1399,11111001100
protection,1400,11111000100
protocol,1401,11111000101
protocols,1402,11111000111
provide,1403,11111000110
provided,1404,11111000010
provides,1405,11111000011
providing,1406,11111000001
provision,1407,11111000000
proximity,1408,11101000000
public,1409,11101000001
purpose,1410,11101000011
purposes,1411,11101000010
qualitative,1412,11101000110
quality,1413,11101000111
quantization,1414,11101000101
quantizer,1415,11101000100
queries,1416,11101001100
questions,1417,11101001101
queue,1418,11101001111
quick,1419,11101001110
quickly,1420,11101001010
randomized,1421,11101001011
range,1422,11101001001
rapid,1423,11101001000
rate,1424,11101011000
rates,1425,11101011001
rather,1426,11101011011
raw,1427,11101011010
reach,1428,11101011110
reached,1429,11101011111
react,1430,11101011101
read,1431,11101011100
readability,1432,11101010100
readable,1433,11101010101
readily,1434,11101010111
reading,1435,11101010110
ready,1436,11101010010
real,1437,11101010011
realtime,1438,11101010001
rearrange,1439,11101010000
rease,1440,11101110000
reason,1441,11101110001
reasons,1442,11101110011
reboot,1443,11101110010
rebroadcast,1444,11101110110
rebroadcasting,1445,11101110111
receipt,1446,11101110101
receive,1447,11101110100
received,1448,11101111100
receives,1449,11101111101
recent,1450,11101111111
recirculation,1451,11101111110
recognition,1452,11101111010
recognize,1453,11101111011
recommendations,1454,11101111001
recommended,1455,11101111000
recommending,1456,11101101000
reconfiguration,1457,11101101001
record,1458,11101101011
recorded,1459,11101101010
records,1460,11101101110
recover,1461,11101101111
recoverable,1462,11101101101
recovery,1463,11101101100
rectify,1464,11101100100
redepartment,1465,11101100101
redistribute,1466,11101100111
reference,1467,11101100110
referencing,1468,11101100010
refers,1469,11101100011
regarding,1470,11101100001
regardless,1471,11101100000
register,1472,11100100000
registers,1473,11100100001
registration,1474,11100100011
regulations,1475,11100100010
relate,1476,11100100110
related,1477,11100100111
relating,1478,11100100101
relevant,1479,11100100100
reliability,1480,11100101100
reliable,1481,11100101101
remain,1482,11100101111
remedy,1483,11100101110
removable,1484,11100101010
remove,1485,11100101011
rent,1486,11100101001
rental,1487,11100101000
repair,1488,11100111000
repeatable,1489,11100111001
replace,1490,11100111011
replaced,1491,11100111010
replacement,1492,11100111110
replanning,1493,11100111111
replica,1494,11100111101
replication,1495,11100111100
replies,1496,11100110100
repo,1497,11100110101
report,1498,11100110111
reported,1499,11100110110
reporting,1500,11100110010
reports,1501,11100110011
representing,1502,11100110001
req,1503,11100110000
request,1504,11100010000
requested,1505,11100010001
requests,1506,11100010011
require,1507,11100010010
required,1508,11100010110
requirement,1509,11100010111
requirements,1510,11100010101
requires,1511,11100010100
reschedule,1512,11100011100
rescheduling,1513,11100011101
research,1514,11100011111
resends,1515,11100011110
resizable,1516,11100011010
resize,1517,11100011011
resized,1518,11100011001
resolution,1519,11100011000
resolve,1520,11100001000
resolved,1521,11100001001
resource,1522,11100001011
resources,1523,11100001010
respect,1524,11100001110
respond,1525,11100001111
responding,1526,11100001101
response,1527,11100001100
responses,1528,11100000100
responsibilities,1529,11100000101
responsive,1530,11100000111
restaurants,1531,11100000110
restore,1532,11100000010
restricted,1533,11100000011
restrictions,1534,11100000001
result,1535,11100000000
results,1536,10100000000
resume,1537,10100000001
retention,1538,10100000011
retrieval,1539,10100000010
retrieve,1540,10100000110
retrieving,1541,10100000111
return,1542,10100000101
returning,1543,10100000100
reusability,1544,10100001100
reusable,1545,10100001101
reversible,1546,10100001111
revoke,1547,10100001110
rfi,1548,10100001010
right,1549,10100001011
rights,1550,10100001001
robust,1551,10100001000
robustness,1552,10100011000
role,1553,10100011001
rolebased,1554,10100011011
roles,1555,10100011010
rtcpeerconnection,1556,10100011110
rti,1557,10100011111
rule,1558,10100011101
rules,1559,10100011100
run,1560,10100010100
running,1561,10100010101
safe,1562,10100010111
safeguards,1563,10100010110
safety,1564,10100010010
samplesdumps,1565,10100010011
santa,1566,10100010001
satisfaction,1567,10100010000
saved,1568,10100110000
saving,1569,10100110001
scaleable,1570,10100110011
scan,1571,10100110010
scenarios,1572,10100110110
scheme,1573,10100110111
schemes,1574,10100110101
school,1575,10100110100
screen,1576,10100111100
screens,1577,10100111101
scrolling,1578,10100111111
sdms,1579,10100111110
sdp,1580,10100111010
search,1581,10100111011
searches,1582,10100111001
searchfilter,1583,10100111000
searching,1584,10100101000
second,1585,10100101001
seconds,1586,10100101011
section,1587,10100101010
sections,1588,10100101110
secure,1589,10100101111
secured,1590,10100101101
securely,1591,10100101100
security,1592,10100100100
see,1593,10100100101
segment,1594,10100100111
segments,1595,10100100110
select,1596,10100100010
selectable,1597,10100100011
selected,1598,10100100001
selecting,1599,10100100000
selectively,1600,10101100000
self,1601,10101100001
selfdescriptive,1602,10101100011
selfdescriptiveness,1603,10101100010
selfmonitoring,1604,10101100110
semantics,1605,10101100111
send,1606,10101100101
sending,1607,10101100100
sense,1608,10101101100
sensitive,1609,10101101101
sent,1610,10101101111
sentences,1611,10101101110
sequence,1612,10101101010
serial,1613,10101101011
series,1614,10101101001
server,1615,10101101000
servers,1616,10101111000
serverside,1617,10101111001
service,1618,10101111011
session,1619,10101111010
sessions,1620,10101111110
set,1621,10101111111
sets,1622,10101111101
several,1623,10101111100
shall,1624,10101110100
sharing,1625,10101110101
sheets,1626,10101110111
shift,1627,10101110110
shopping,1628,10101110010
short,1629,10101110011
shorter,1630,10101110001
show,1631,10101110000
showing,1632,10101010000
shown,1633,10101010001
shows,1634,10101010011
showsup,1635,10101010010
shrinking,1636,10101010110
shrinks,1637,10101010111
side,1638,10101010101
signal,1639,10101010100
signaling,1640,10101011100
similar,1641,10101011101
simple,1642,10101011111
simplicity,1643,10101011110
simply,1644,10101011010
simultaneous,1645,10101011011
simultaneously,1646,10101011001
single,1647,10101011000
sit,1648,10101001000
site,1649,10101001001
sites,1650,10101001011
situations,1651,10101001010
size,1652,10101001110
sizes,1653,10101001111
skimming,1654,10101001101
skip,1655,10101001100
slower,1656,10101000100
small,1657,10101000101
smaller,1658,10101000111
sms,1659,10101000110
smtp,1660,10101000010
software,1661,10101000011
solid,1662,10101000001
solution,1663,10101000000
soon,1664,10111000000
sorting,1665,10111000001
source,1666,10111000011
space,1667,10111000010
spam,1668,10111000110
spatial,1669,10111000111
special,1670,10111000101
specialist,1671,10111000100
specific,1672,10111001100
specifically,1673,10111001101
specification,1674,10111001111
specifications,1675,10111001110
specified,1676,10111001010
specify,1677,10111001011
spectra,1678,10111001001
spectral,1679,10111001000
speed,1680,10111011000
speeds,1681,10111011001
spelling,1682,10111011011
spent,1683,10111011010
splash,1684,10111011110
spring,1685,10111011111
square,1686,10111011101
srs,1687,10111011100
srtp,1688,10111010100
stable,1689,10111010101
staff,1690,10111010111
stamp,1691,10111010110
standard,1692,10111010010
standardized,1693,10111010011
standards,1694,10111010001
standby,1695,10111010000
stands,1696,10111110000
start,1697,10111110001
started,1698,10111110011
starting,1699,10111110010
state,1700,10111110110
stated,1701,10111110111
statement,1702,10111110101
states,1703,10111110100
station,1704,10111111100
stations,1705,10111111101
statistics,1706,10111111111
status,1707,10111111110
statuswise,1708,10111111010
steps,1709,10111111011
still,1710,10111111001
stipulate,1711,10111111000
stock,1712,10111101000
stop,1713,10111101001
stopped,1714,10111101011
storage,1715,10111101010
store,1716,10111101110
stored,1717,10111101111
storing,1718,10111101101
strategies,1719,10111101100
stre,1720,10111100100
stream,1721,10111100101
streaming,1722,10111100111
streams,1723,10111100110
strict,1724,10111100010
strin,1725,10111100011
string,1726,10111100001
stringent,1727,10111100000
structure,1728,10110100000
structures,1729,10110100001
students,1730,10110100011
studies,1731,10110100010
studio,1732,10110100110
style,1733,10110100111
subject,1734,10110100101
submitted,1735,10110100100
subsequent,1736,10110101100
subsystems,1737,10110101101
successful,1738,10110101111
successfully,1739,10110101110
sudden,1740,10110101010
sufficient,1741,10110101011
suitable,1742,10110101001
suitably,1743,10110101000
sum,1744,10110111000
summation,1745,10110111001
superimpose,1746,10110111011
superket,1747,10110111010
superuser,1748,10110111110
supply,1749,10110111111
support,1750,10110111101
supported,1751,10110111100
supporting,1752,10110110100
supports,1753,10110110101
sure,1754,10110110111
surety,1755,10110110110
suspect,1756,10110110010
suspects,1757,10110110011
switch,1758,10110110001
synchronization,1759,10110110000
synchronize,1760,10110010000
system,1761,10110010001
systemg,1762,10110010011
systems,1763,10110010010
table,1764,10110010110
tables,1765,10110010111
tablet,1766,10110010101
tackle,1767,10110010100
take,1768,10110011100
taken,1769,10110011101
taking,1770,10110011111
talk,1771,10110011110
target,1772,10110011010
task,1773,10110011011
tasks,1774,10110011001
tbd,1775,10110011000
tcp,1776,10110001000
tcpip,1777,10110001001
technical,1778,10110001011
technically,1779,10110001010
techniques,1780,10110001110
technologies,1781,10110001111
technology,1782,10110001101
temperatures,1783,10110001100
template,1784,10110000100
temporary,1785,10110000101
terminology,1786,10110000111
terms,1787,10110000110
tested,1788,10110000010
testing,1789,10110000011
text,1790,10110000001
textbased,1791,10110000000
textonly,1792,10010000000
textual,1793,10010000001
theft,1794,10010000011
thereafter,1795,10010000010
therefore,1796,10010000110
third,1797,10010000111
throttle,1798,10010000101
throughout,1799,10010000100
thus,1800,10010001100
time,1801,10010001101
times,1802,10010001111
title,1803,10010001110
titles,1804,10010001010
today,1805,10010001011
tofrom,1806,10010001001
tolerance,1807,10010001000
tolerances,1808,10010011000
tool,1809,10010011001
tools,1810,10010011011
toolslibraries,1811,10010011010
top,1812,10010011110
total,1813,10010011111
town,1814,10010011101
track,1815,10010011100
tracker,1816,10010010100
traffic,1817,10010010101
trail,1818,10010010111
trails,1819,10010010110
transactions,1820,10010010010
transfer,1821,10010010011
transferable,1822,10010010001
transform,1823,10010010000
translatable,1824,10010110000
transmission,1825,10010110001
trap,1826,10010110011
tribes,1827,10010110010
trigger,1828,10010110110
triggers,1829,10010110111
try,1830,10010110101
turn,1831,10010110100
turnaround,1832,10010111100
turned,1833,10010111101
two,1834,10010111111
type,1835,10010111110
types,1836,10010111010
typical,1837,10010111011
typically,1838,10010111001
uc,1839,10010111000
udp,1840,10010101000
ui,1841,10010101001
unable,1842,10010101011
unalterable,1843,10010101010
unauthorised,1844,10010101110
unauthorized,1845,10010101111
unavailable,1846,10010101101
unchanged,1847,10010101100
unconverted,1848,10010100100
underflows,1849,10010100101
underlines,1850,10010100111
understand,1851,10010100110
understanding,1852,10010100010
understood,1853,10010100011
undesired,1854,10010100001
undue,1855,10010100000
unexpected,1856,10011100000
unique,1857,10011100001
uniquely,1858,10011100011
unit,1859,10011100010
united,1860,10011100110
units,1861,10011100111
unitspersonnel,1862,10011100101
university,1863,10011100100
unix,1864,10011101100
unless,1865,10011101101
unnecessary,1866,10011101111
unplanned,1867,10011101110
unresponsive,1868,10011101010
unrestricted,1869,10011101011
unusual,1870,10011101001
unwanted,1871,10011101000
update,1872,10011111000
updated,1873,10011111001
updating,1874,10011111011
upload,1875,10011111010
upon,1876,10011111110
upsinverter,1877,10011111111
uptime,1878,10011111101
usability,1879,10011111100
usable,1880,10011110100
use,1881,10011110101
used,1882,10011110111
useful,1883,10011110110
user,1884,10011110010
useracceptance,1885,10011110011
userconfigurable,1886,10011110001
userdefinable,1887,10011110000
userfriendliness,1888,10011010000
userfriendly,1889,10011010001
userintuitive,1890,10011010011
username,1891,10011010010
usernamepassword,1892,10011010110
users,1893,10011010111
userspecified,1894,10011010101
uses,1895,10011010100
using,1896,10011011100
usually,1897,10011011101
utilize,1898,10011011111
v,1899,10011011110
vacant,1900,10011011010
valid,1901,10011011011
validation,1902,10011011001
validity,1903,10011011000
validly,1904,10011001000
value,1905,10011001001
values,1906,10011001011
vanvleck,1907,10011001010
variety,1908,10011001110
various,1909,10011001111
varying,1910,10011001101
verification,1911,10011001100
verify,1912,10011000100
version,1913,10011000101
versions,1914,10011000111
vertical,1915,10011000110
via,1916,10011000010
video,1917,10011000011
view,1918,10011000001
viewer,1919,10011000000
viewers,1920,10001000000
viewing,1921,10001000001
violate,1922,10001000011
violations,1923,10001000010
virus,1924,10001000110
visible,1925,10001000111
vista,1926,10001000101
visual,1927,10001000100
visualize,1928,10001001100
visually,1929,10001001101
w,1930,10001001111
wait,1931,10001001110
want,1932,10001001010
wanted,1933,10001001011
wants,1934,10001001001
warning,1935,10001001000
warrant,1936,10001011000
watch,1937,10001011001
way,1938,10001011011
ways,1939,10001011010
wcag,1940,10001011110
web,1941,10001011111
webcam,1942,10001011101
webrtc,1943,10001011100
website,1944,10001010100
websockets,1945,10001010101
well,1946,10001010111
whatdoyouneedtodo,1947,10001010110
whatever,1948,10001010010
whats,1949,10001010011
whenever,1950,10001010001
whereabouts,1951,10001010000
wherever,1952,10001110000
whether,1953,10001110001
whichever,1954,10001110011
white,1955,10001110010
window,1956,10001110110
windowing,1957,10001110111
windows,1958,10001110101
wise,1959,10001110100
wish,1960,10001111100
within,1961,10001111101
withinpage,1962,10001111111
withou,1963,10001111110
without,1964,10001111010
wonder,1965,10001111011
word,1966,10001111001
words,1967,10001111000
work,1968,10001101000
working,1969,10001101001
workstation,1970,10001101011
worrying,1971,10001101010
would,1972,10001101110
write,1973,10001101111
writing,1974,10001101101
wwwusabilitygov,1975,10001101100
x,1976,10001100100
yet,1977,10001100101
zero,1978,10001100111
