word,binary
abide,00000000000
ability,00000000001
able,00000000010
abnormal,00000000011
abstracted,00000000100
abstracts,00000000101
accept,00000000110
acceptable,00000000111
accepting,00000001000
access,00000001001
accessed,00000001010
accessibility,00000001011
accessible,00000001100
accommodate,00000001101
accommodated,00000001110
accompanied,00000001111
accomplish,00000010000
according,00000010001
accordingly,00000010010
account,00000010011
accountability,00000010100
accounts,00000010101
accumulate,00000010110
accumulation,00000010111
accuracythe,00000011000
accurate,00000011001
accurately,00000011010
achieved,00000011011
achieving,00000011100
acknowledge,00000011101
acknowledgements,00000011110
across,00000011111
act,00000100000
acted,00000100001
action,00000100010
actions,00000100011
activated,00000100100
activating,00000100101
activation,00000100110
active,00000100111
activities,00000101000
activity,00000101001
actor,00000101010
acts,00000101011
actual,00000101100
adaptability,00000101101
adaptable,00000101110
adaptation,00000101111
adapting,00000110000
add,00000110001
added,00000110010
addedit,00000110011
addition,00000110100
additional,00000110101
additionally,00000110110
addremove,00000110111
address,00000111000
addresses,00000111001
adequate,00000111010
adjustable,00000111011
adjustment,00000111100
adjustments,00000111101
admin,00000111110
administrative,00000111111
administrator,00001000000
administrators,00001000001
admins,00001000010
adminusers,00001000011
admissibility,00001000100
adopting,00001000101
advanced,00001000110
advantage,00001000111
advise,00001001000
affect,00001001001
affecting,00001001010
afterward,00001001011
age,00001001100
agent,00001001101
agents,00001001110
aggregate,00001001111
aids,00001010000
aips,00001010001
ajax,00001010010
alert,00001010011
alerts,00001010100
alive,00001010101
allocate,00001010110
allocated,00001010111
allocation,00001011000
allow,00001011001
allowed,00001011010
allowing,00001011011
allows,00001011100
along,00001011101
also,00001011110
alter,00001011111
alternate,00001100000
alternative,00001100001
alternatively,00001100010
alternatives,00001100011
always,00001100100
among,00001100101
amount,00001100110
amounts,00001100111
analyse,00001101000
analysis,00001101001
andor,00001101010
android,00001101011
another,00001101100
answers,00001101101
anyone,00001101110
anything,00001101111
apache,00001110000
api,00001110001
app,00001110010
appear,00001110011
appearance,00001110100
appears,00001110101
apple,00001110110
applicable,00001110111
application,00001111000
applications,00001111001
applied,00001111010
apply,00001111011
approach,00001111100
approaches,00001111101
appropriate,00001111110
appropriately,00001111111
approve,00010000000
arate,00010000001
aration,00010000010
architecture,00010000011
archive,00010000100
archiving,00010000101
area,00010000110
areas,00010000111
arise,00010001000
arising,00010001001
around,00010001010
arrangement,00010001011
ase,00010001100
asks,00010001101
aspects,00010001110
assemble,00010001111
assembly,00010010000
assigned,00010010001
assigning,00010010010
assist,00010010011
associated,00010010100
assume,00010010101
assumed,00010010110
assumption,00010010111
assure,00010011000
attacks,00010011001
attempt,00010011010
attempted,00010011011
attempts,00010011100
attend,00010011101
attributed,00010011110
attributes,00010011111
audit,00010100000
auditors,00010100001
authenticate,00010100010
authentication,00010100011
authorised,00010100100
authority,00010100101
authorize,00010100110
authorized,00010100111
auto,00010101000
autocorrection,00010101001
automated,00010101010
automatic,00010101011
automatically,00010101100
automating,00010101101
auxiliary,00010101110
availability,00010101111
available,00010110000
average,00010110001
avoid,00010110010
avoided,00010110011
avoiding,00010110100
aware,00010110101
awareness,00010110110
back,00010110111
backend,00010111000
background,00010111001
backup,00010111010
band,00010111011
bandwidth,00010111100
bar,00010111101
barbara,00010111110
barcode,00010111111
based,00011000000
baseline,00011000001
basic,00011000010
basis,00011000011
bathrooms,00011000100
becomes,00011000101
bedrooms,00011000110
begin,00011000111
behavior,00011001000
behaviour,00011001001
behind,00011001010
better,00011001011
beyond,00011001100
big,00011001101
block,00011001110
blocked,00011001111
blocks,00011010000
book,00011010001
bookking,00011010010
books,00011010011
boot,00011010100
bootstrap,00011010101
bots,00011010110
bottlenecked,00011010111
bound,00011011000
box,00011011001
branch,00011011010
breach,00011011011
broadcast,00011011100
broadcaster,00011011101
broadcasters,00011011110
broadcasting,00011011111
broadcasts,00011100000
browse,00011100001
browser,00011100010
browsing,00011100011
budget,00011100100
buffer,00011100101
buffering,00011100110
bullet,00011100111
bulleted,00011101000
business,00011101001
button,00011101010
buttons,00011101011
buyers,00011101100
cache,00011101101
cached,00011101110
call,00011101111
calls,00011110000
camera,00011110001
cameras,00011110010
campuses,00011110011
cancel,00011110100
cancelled,00011110101
cannot,00011110110
capabilities,00011110111
capability,00011111000
capable,00011111001
capacity,00011111010
captcha,00011111011
captchabased,00011111100
capture,00011111101
captures,00011111110
capturing,00011111111
care,00100000000
careful,00100000001
carried,00100000010
carrying,00100000011
case,00100000100
cases,00100000101
castes,00100000110
catastrophes,00100000111
catch,00100001000
categories,00100001001
category,00100001010
categorywise,00100001011
cause,00100001100
cctns,00100001101
certain,00100001110
certificate,00100001111
chain,00100010000
chainable,00100010001
change,00100010010
changed,00100010011
changes,00100010100
changing,00100010101
channel,00100010110
channels,00100010111
characteristics,00100011000
characterized,00100011001
chat,00100011010
check,00100011011
checking,00100011100
chief,00100011101
choose,00100011110
chooses,00100011111
chrome,00100100000
chronological,00100100001
chunks,00100100010
citizen,00100100011
citizens,00100100100
clear,00100100101
clearly,00100100110
click,00100100111
client,00100101000
clientserver,00100101001
clientside,00100101010
closing,00100101011
cloud,00100101100
coarse,00100101101
code,00100101110
codes,00100101111
coding,00100110000
cognitively,00100110001
college,00100110010
color,00100110011
colors,00100110100
colour,00100110101
colours,00100110110
columns,00100110111
combination,00100111000
combinations,00100111001
combine,00100111010
coming,00100111011
command,00100111100
common,00100111101
commonly,00100111110
communicate,00100111111
communicated,00101000000
communication,00101000001
communications,00101000010
commute,00101000011
compare,00101000100
comparing,00101000101
comparison,00101000110
comparisons,00101000111
compatibility,00101001000
compatible,00101001001
compiles,00101001010
complainants,00101001011
complaint,00101001100
complaints,00101001101
complete,00101001110
completed,00101001111
complexities,00101010000
complextocomplex,00101010001
comply,00101010010
component,00101010011
components,00101010100
compression,00101010101
computation,00101010110
computational,00101010111
compute,00101011000
computer,00101011001
computers,00101011010
computing,00101011011
concentrate,00101011100
concept,00101011101
concerned,00101011110
conction,00101011111
condition,00101100000
conditions,00101100001
conduit,00101100010
configuration,00101100011
configurations,00101100100
configured,00101100101
conflict,00101100110
confuse,00101100111
connect,00101101000
connecting,00101101001
connection,00101101010
connections,00101101011
connectivity,00101101100
consideration,00101101101
considered,00101101110
consist,00101101111
consistency,00101110000
consistent,00101110001
consistently,00101110010
constable,00101110011
constantly,00101110100
constraining,00101110101
constraint,00101110110
constraints,00101110111
construct,00101111000
constructed,00101111001
consulted,00101111010
contact,00101111011
contain,00101111100
containing,00101111101
contains,00101111110
content,00101111111
contents,00110000000
context,00110000001
contexts,00110000010
contextsensitive,00110000011
continuous,00110000100
control,00110000101
controlled,00110000110
controls,00110000111
convenience,00110001000
converted,00110001001
conveying,00110001010
convolution,00110001011
coordinates,00110001100
copying,00110001101
core,00110001110
correction,00110001111
corrections,00110010000
correctly,00110010001
correctn,00110010010
correctness,00110010011
correlated,00110010100
correlator,00110010101
correspondences,00110010110
corrupted,00110010111
cost,00110011000
could,00110011001
count,00110011010
counterpart,00110011011
counts,00110011100
course,00110011101
court,00110011110
courts,00110011111
cpan,00110100000
cpu,00110100001
crashed,00110100010
crashes,00110100011
create,00110100100
created,00110100101
createreadupdatedelete,00110100110
creating,00110100111
crime,00110101000
criminalaccused,00110101001
criteria,00110101010
critical,00110101011
cross,00110101100
css,00110101101
currency,00110101110
current,00110101111
currently,00110110000
customer,00110110001
customers,00110110010
customisation,00110110011
customise,00110110100
customizable,00110110101
customize,00110110110
customizing,00110110111
cut,00110111000
cutting,00110111001
damaged,00110111010
dashed,00110111011
dat,00110111100
data,00110111101
database,00110111110
databases,00110111111
datathis,00111000000
date,00111000001
datelocation,00111000010
dates,00111000011
day,00111000100
dealing,00111000101
debugtest,00111000110
deduct,00111000111
defaults,00111001000
defect,00111001001
defects,00111001010
define,00111001011
defined,00111001100
defines,00111001101
defunct,00111001110
degrade,00111001111
delay,00111010000
delete,00111010001
deleted,00111010010
deliver,00111010011
delivering,00111010100
delivery,00111010101
demand,00111010110
denial,00111010111
denied,00111011000
department,00111011001
dependencies,00111011010
deployment,00111011011
deploys,00111011100
derived,00111011101
describe,00111011110
described,00111011111
describes,00111100000
description,00111100001
descriptions,00111100010
descriptive,00111100011
design,00111100100
designated,00111100101
designed,00111100110
designing,00111100111
desirable,00111101000
desktop,00111101001
desktops,00111101010
destination,00111101011
detailed,00111101100
detailing,00111101101
details,00111101110
detected,00111101111
detecting,00111110000
detection,00111110001
determination,00111110010
determining,00111110011
develop,00111110100
development,00111110101
device,00111110110
devices,00111110111
diagram,00111111000
dialogues,00111111001
different,00111111010
differently,00111111011
difficult,00111111100
difficulties,00111111101
direct,00111111110
directly,00111111111
disabilities,01000000000
disaster,01000000001
disastrous,01000000010
disconnect,01000000011
disconnections,01000000100
discount,01000000101
disk,01000000110
dispersed,01000000111
display,01000001000
displayed,01000001001
displays,01000001010
disruptions,01000001011
distance,01000001100
distances,01000001101
distancing,01000001110
distinguishable,01000001111
distinguishing,01000010000
distract,01000010001
distributed,01000010010
districts,01000010011
diverse,01000010100
division,01000010101
document,01000010110
documentation,01000010111
documents,01000011000
dollars,01000011001
domain,01000011010
done,01000011011
download,01000011100
downscale,01000011101
downtime,01000011110
draw,01000011111
drive,01000100000
dropdown,01000100001
drudgery,01000100010
dtls,01000100011
dtlssrtp,01000100100
due,01000100101
duplicate,01000100110
durability,01000100111
duration,01000101000
dynamic,01000101001
dynamically,01000101010
eases,01000101011
easily,01000101100
easing,01000101101
easy,01000101110
edge,01000101111
edit,01000110000
edited,01000110001
educate,01000110010
ee,01000110011
effect,01000110100
effectively,01000110101
effectiveness,01000110110
effects,01000110111
efficiencies,01000111000
efficiency,01000111001
efficient,01000111010
effort,01000111011
eg,01000111100
either,01000111101
elapsed,01000111110
elements,01000111111
elementsrules,01001000000
email,01001000001
emails,01001000010
embedded,01001000011
employ,01001000100
employees,01001000101
employs,01001000110
enable,01001000111
enabling,01001001000
enclosures,01001001001
encompasses,01001001010
encounter,01001001011
encounters,01001001100
encrypted,01001001101
encryption,01001001110
end,01001001111
enforce,01001010000
enforced,01001010001
engineering,01001010010
enhancement,01001010011
enough,01001010100
ensure,01001010101
enter,01001010110
entered,01001010111
entering,01001011000
entire,01001011001
entities,01001011010
entralized,01001011011
entries,01001011100
entry,01001011101
environments,01001011110
equipped,01001011111
equivalent,01001100000
equivalents,01001100001
error,01001100010
errors,01001100011
especially,01001100100
essentially,01001100101
essys,01001100110
etc,01001100111
ethically,01001101000
even,01001101001
event,01001101010
events,01001101011
every,01001101100
evidence,01001101101
evident,01001101110
evla,01001101111
evolving,01001110000
ex,01001110001
examine,01001110010
example,01001110011
exceed,01001110100
except,01001110101
exchange,01001110110
exchanged,01001110111
exclusion,01001111000
execute,01001111001
execution,01001111010
existence,01001111011
existing,01001111100
expect,01001111101
expectation,01001111110
expectations,01001111111
expected,01010000000
experience,01010000001
explanatory,01010000010
explicit,01010000011
exploration,01010000100
export,01010000101
expressed,01010000110
extended,01010000111
extensibility,01010001000
extent,01010001001
external,01010001010
externally,01010001011
face,01010001100
facilitates,01010001101
facilities,01010001110
facility,01010001111
facts,01010010000
fails,01010010001
failure,01010010010
failures,01010010011
familiar,01010010100
familiarity,01010010101
fast,01010010110
fault,01010010111
feature,01010011000
features,01010011001
feedback,01010011010
feel,01010011011
fidelity,01010011100
fields,01010011101
figure,01010011110
file,01010011111
files,01010100000
fill,01010100001
filled,01010100010
filter,01010100011
filters,01010100100
final,01010100101
finally,01010100110
find,01010100111
finding,01010101000
fine,01010101001
finished,01010101010
fireb,01010101011
firebase,01010101100
firefox,01010101101
first,01010101110
fit,01010101111
fixed,01010110000
flag,01010110001
flagging,01010110010
flags,01010110011
flexibility,01010110100
flexible,01010110101
focused,01010110110
focuses,01010110111
follow,01010111000
following,01010111001
font,01010111010
fonts,01010111011
footage,01010111100
footer,01010111101
forgot,01010111110
form,01010111111
format,01011000000
formats,01011000001
formatted,01011000010
formatting,01011000011
formdata,01011000100
forms,01011000101
forum,01011000110
forward,01011000111
foul,01011001000
found,01011001001
fourier,01011001010
frame,01011001011
framebased,01011001100
frames,01011001101
framesets,01011001110
framework,01011001111
free,01011010000
freeway,01011010001
frequencies,01011010010
frequency,01011010011
frequently,01011010100
frequentlyexecuted,01011010101
frequentlyused,01011010110
friendliness,01011010111
friendly,01011011000
friends,01011011001
front,01011011010
frontend,01011011011
frontfacing,01011011100
full,01011011101
fully,01011011110
function,01011011111
functional,01011100000
functionalities,01011100001
functionality,01011100010
functionally,01011100011
functioning,01011100100
functions,01011100101
furthermore,01011100110
future,01011100111
general,01011101000
generally,01011101001
generate,01011101010
generated,01011101011
generic,01011101100
geographical,01011101101
get,01011101110
github,01011101111
give,01011110000
given,01011110001
gives,01011110010
go,01011110011
goal,01011110100
goals,01011110101
going,01011110110
good,01011110111
google,01011111000
gracefully,01011111001
gram,01011111010
grant,01011111011
granted,01011111100
graphical,01011111101
greater,01011111110
group,01011111111
grouped,01100000000
groups,01100000001
guarantee,01100000010
gui,01100000011
guidance,01100000100
guide,01100000101
guidelines,01100000110
hack,01100000111
halal,01100001000
halting,01100001001
hand,01100001010
handle,01100001011
handled,01100001100
handling,01100001101
hangs,01100001110
happen,01100001111
hardware,01100010000
header,01100010001
headings,01100010010
help,01100010011
helpdesk,01100010100
helping,01100010101
helps,01100010110
hence,01100010111
heroku,01100011000
hides,01100011001
hiding,01100011010
high,01100011011
highlighted,01100011100
hijacking,01100011101
hisher,01100011110
hit,01100011111
home,01100100000
homepage,01100100001
homepages,01100100010
hooking,01100100011
hooks,01100100100
horizontal,01100100101
hosts,01100100110
hours,01100100111
house,01100101000
houses,01100101001
housingu,01100101010
however,01100101011
hpresentationrelated,01100101100
html,01100101101
http,01100101110
https,01100101111
human,01100110000
ice,01100110001
ict,01100110010
id,01100110011
idea,01100110100
ideally,01100110101
ideas,01100110110
identificationg,01100110111
identified,01100111000
identifier,01100111001
identify,01100111010
identity,01100111011
idle,01100111100
ids,01100111101
ie,01100111110
illegal,01100111111
image,01101000000
images,01101000001
immediately,01101000010
impact,01101000011
impair,01101000100
impede,01101000101
impeded,01101000110
implement,01101000111
implementation,01101001000
implementations,01101001001
implemented,01101001010
implements,01101001011
implications,01101001100
implies,01101001101
important,01101001110
impose,01101001111
improves,01101010000
inbuilt,01101010001
incidents,01101010010
include,01101010011
included,01101010100
includes,01101010101
including,01101010110
incoming,01101010111
incorrectly,01101011000
increase,01101011001
increased,01101011010
increasing,01101011011
independence,01101011100
independently,01101011101
indicate,01101011110
indicated,01101011111
indicating,01101100000
indication,01101100001
individual,01101100010
individualization,01101100011
individualizing,01101100100
industry,01101100101
industrystandard,01101100110
infer,01101100111
inferred,01101101000
infinities,01101101001
information,01101101010
infrequently,01101101011
infs,01101101100
ingredients,01101101101
initial,01101101110
initiate,01101101111
initiated,01101110000
initiates,01101110001
initiating,01101110010
initiator,01101110011
inline,01101110100
input,01101110101
inputs,01101110110
inside,01101110111
inspection,01101111000
install,01101111001
instance,01101111010
instantly,01101111011
institute,01101111100
intact,01101111101
integral,01101111110
integrated,01101111111
integration,01110000000
integrity,01110000001
intelligently,01110000010
intended,01110000011
interact,01110000100
interacting,01110000101
interaction,01110000110
interactions,01110000111
interacts,01110001000
interchange,01110001001
interconnect,01110001010
interconnects,01110001011
interest,01110001100
interested,01110001101
interesting,01110001110
interface,01110001111
interfaces,01110010000
interfacing,01110010001
internal,01110010010
internally,01110010011
internals,01110010100
international,01110010101
internet,01110010110
interrupted,01110010111
interruption,01110011000
interruptions,01110011001
intervention,01110011010
inthen,01110011011
introduces,01110011100
intuitive,01110011101
invalid,01110011110
invalids,01110011111
investigation,01110100000
invoke,01110100001
involve,01110100010
involved,01110100011
involving,01110100100
io,01110100101
ip,01110100110
irrelevant,01110100111
ision,01110101000
isla,01110101001
iso,01110101010
isolated,01110101011
issue,01110101100
issuedreturned,01110101101
issues,01110101110
item,01110101111
items,01110110000
jakim,01110110001
java,01110110010
javascript,01110110011
joining,01110110100
jqueryajax,01110110101
js,01110110110
json,01110110111
ked,01110111000
keep,01110111001
keeping,01110111010
key,01110111011
keyboard,01110111100
keys,01110111101
keywords,01110111110
kill,01110111111
king,01111000000
know,01111000001
knowledge,01111000010
knowledgepark,01111000011
label,01111000100
labelled,01111000101
labels,01111000110
lag,01111000111
landing,01111001000
landk,01111001001
language,01111001010
laptop,01111001011
laptops,01111001100
large,01111001101
larger,01111001110
latency,01111001111
later,01111010000
latest,01111010001
layout,01111010010
ldap,01111010011
lead,01111010100
leading,01111010101
learn,01111010110
least,01111010111
leaving,01111011000
legal,01111011001
legibility,01111011010
leisure,01111011011
lending,01111011100
length,01111011101
lengths,01111011110
less,01111011111
lessen,01111100000
level,01111100001
levels,01111100010
librarian,01111100011
librarians,01111100100
library,01111100101
life,01111100110
like,01111100111
likely,01111101000
limit,01111101001
limited,01111101010
line,01111101011
link,01111101100
linking,01111101101
links,01111101110
list,01111101111
listed,01111110000
listing,01111110001
listings,01111110010
lists,01111110011
little,01111110100
live,01111110101
localization,01111110110
located,01111110111
location,01111111000
locations,01111111001
log,01111111010
logged,01111111011
logic,01111111100
logical,01111111101
login,01111111110
logo,01111111111
logobarcode,10000000000
long,10000000001
longer,10000000010
look,10000000011
looking,10000000100
loss,10000000101
lost,10000000110
lot,10000000111
lowbandwidth,10000001000
lower,10000001001
macbook,10000001010
made,10000001011
main,10000001100
mainly,10000001101
maintain,10000001110
maintainability,10000001111
maintained,10000010000
maintaining,10000010001
maintains,10000010010
maintenance,10000010011
make,10000010100
makes,10000010101
making,10000010110
malls,10000010111
man,10000011000
manage,10000011001
manageable,10000011010
managed,10000011011
management,10000011100
manipulating,10000011101
manipulation,10000011110
manner,10000011111
mannerg,10000100000
manual,10000100001
manufacture,10000100010
many,10000100011
map,10000100100
maps,10000100101
marking,10000100110
match,10000100111
material,10000101000
matter,10000101001
matters,10000101010
maximum,10000101011
mbytessec,10000101100
mc,10000101101
mean,10000101110
meaningful,10000101111
means,10000110000
measurement,10000110001
mechanism,10000110010
mechanisms,10000110011
media,10000110100
mediastream,10000110101
medium,10000110110
meet,10000110111
meeting,10000111000
meetings,10000111001
member,10000111010
members,10000111011
memory,10000111100
mental,10000111101
mentioned,10000111110
menu,10000111111
menus,10001000000
message,10001000001
messagedata,10001000010
messages,10001000011
meta,10001000100
metadata,10001000101
method,10001000110
methods,10001000111
metro,10001001000
microphone,10001001001
middle,10001001010
might,10001001011
migration,10001001100
mind,10001001101
minimal,10001001110
minimization,10001001111
minimize,10001010000
minimized,10001010001
minimizing,10001010010
minimum,10001010011
missing,10001010100
mitigation,10001010101
mobile,10001010110
mockup,10001010111
mode,10001011000
models,10001011001
modern,10001011010
modified,10001011011
modify,10001011100
module,10001011101
modules,10001011110
modus,10001011111
monitor,10001100000
monitored,10001100001
monitoring,10001100010
month,10001100011
monthly,10001100100
months,10001100101
morally,10001100110
moreover,10001100111
move,10001101000
mozilla,10001101001
much,10001101010
multimedia,10001101011
multipart,10001101100
multiple,10001101101
mus,10001101110
must,10001101111
mysql,10001110000
na,10001110001
name,10001110010
nameprize,10001110011
names,10001110100
nans,10001110101
narrow,10001110110
national,10001110111
native,10001111000
nave,10001111001
navigating,10001111010
navigation,10001111011
near,10001111100
necessarily,10001111101
necessary,10001111110
need,10001111111
needed,10010000000
needs,10010000001
negative,10010000010
negotiation,10010000011
neither,10010000100
network,10010000101
networks,10010000110
never,10010000111
new,10010001000
newer,10010001001
next,10010001010
noise,10010001011
non,10010001100
none,10010001101
nonexpected,10010001110
nonexperts,10010001111
nonfunctional,10010010000
nonfunctioning,10010010001
nonhalal,10010010010
nonprivileged,10010010011
nontext,10010010100
normal,10010010101
normalization,10010010110
normalizations,10010010111
normally,10010011000
note,10010011001
notes,10010011010
notified,10010011011
notify,10010011100
number,10010011101
numbers,10010011110
objects,10010011111
observational,10010100000
observed,10010100001
observing,10010100010
obtained,10010100011
occur,10010100100
occurred,10010100101
occurs,10010100110
odingtranscoding,10010100111
offered,10010101000
offering,10010101001
offers,10010101010
office,10010101011
officers,10010101100
offline,10010101101
offload,10010101110
older,10010101111
one,10010110000
online,10010110001
onscreen,10010110010
open,10010110011
opened,10010110100
opening,10010110101
operable,10010110110
operandi,10010110111
operate,10010111000
operates,10010111001
operating,10010111010
operation,10010111011
operational,10010111100
operations,10010111101
opposed,10010111110
option,10010111111
optional,10011000000
optionally,10011000001
options,10011000010
order,10011000011
ordered,10011000100
organised,10011000101
organizing,10011000110
orientation,10011000111
oriented,10011001000
originates,10011001001
os,10011001010
outage,10011001011
output,10011001100
outside,10011001101
overall,10011001110
overflow,10011001111
overflows,10011010000
overlay,10011010001
overload,10011010010
overview,10011010011
overviews,10011010100
owner,10011010101
owners,10011010110
package,10011010111
packets,10011011000
page,10011011001
pages,10011011010
panel,10011011011
paper,10011011100
paperwork,10011011101
parameter,10011011110
parameters,10011011111
parks,10011100000
part,10011100001
partial,10011100010
participant,10011100011
participants,10011100100
particular,10011100101
particularly,10011100110
parties,10011100111
parts,10011101000
party,10011101001
passed,10011101010
password,10011101011
passwords,10011101100
past,10011101101
paths,10011101110
patterns,10011101111
peak,10011110000
peer,10011110001
peers,10011110010
peertopeer,10011110011
pending,10011110100
people,10011110101
peoples,10011110110
per,10011110111
perceiving,10011111000
perception,10011111001
perform,10011111010
performance,10011111011
performed,10011111100
performing,10011111101
performs,10011111110
period,10011111111
periodically,10100000000
periods,10100000001
perlldap,10100000010
permission,10100000011
persistent,10100000100
person,10100000101
personal,10100000110
personallyidentifiable,10100000111
personnel,10100001000
peruser,10100001001
phone,10100001010
phrases,10100001011
physical,10100001100
pids,10100001101
piece,10100001110
pillai,10100001111
piped,10100010000
pipeline,10100010001
place,10100010010
placed,10100010011
places,10100010100
placing,10100010101
plain,10100010110
plaintext,10100010111
plan,10100011000
planned,10100011001
planning,10100011010
platform,10100011011
platforms,10100011100
plays,10100011101
plus,10100011110
point,10100011111
points,10100100000
police,10100100001
policies,10100100010
policy,10100100011
popup,10100100100
portability,10100100101
portable,10100100110
position,10100100111
positions,10100101000
positive,10100101001
possible,10100101010
possibleg,10100101011
post,10100101100
postal,10100101101
posted,10100101110
posting,10100101111
postings,10100110000
potential,10100110001
potentially,10100110010
power,10100110011
poweroftwo,10100110100
ppcast,10100110101
ppcasts,10100110110
practical,10100110111
practices,10100111000
preclude,10100111001
predefined,10100111010
predetermined,10100111011
prefer,10100111100
preferable,10100111101
preferably,10100111110
preference,10100111111
preferences,10101000000
preferred,10101000001
presence,10101000010
present,10101000011
presentation,10101000100
presentations,10101000101
presented,10101000110
presenting,10101000111
prevent,10101001000
previous,10101001001
price,10101001010
prices,10101001011
principles,10101001100
printable,10101001101
printed,10101001110
printerfriendly,10101001111
prints,10101010000
prior,10101010001
priorities,10101010010
priority,10101010011
privacy,10101010100
private,10101010101
privileges,10101010110
priy,10101010111
problems,10101011000
proceeding,10101011001
proceedings,10101011010
process,10101011011
processed,10101011100
processes,10101011101
processing,10101011110
processor,10101011111
processors,10101100000
produce,10101100001
produced,10101100010
product,10101100011
productivity,10101100100
products,10101100101
professional,10101100110
profile,10101100111
profiles,10101101000
program,10101101001
programming,10101101010
progress,10101101011
progression,10101101100
project,10101101101
proof,10101101110
proper,10101101111
properly,10101110000
properties,10101110001
property,10101110010
proportions,10101110011
proposed,10101110100
pros,10101110101
prosecution,10101110110
protected,10101110111
protection,10101111000
protocol,10101111001
protocols,10101111010
provide,10101111011
provided,10101111100
provides,10101111101
providing,10101111110
provision,10101111111
proximity,10110000000
public,10110000001
purpose,10110000010
purposes,10110000011
qualitative,10110000100
quality,10110000101
quantization,10110000110
quantizer,10110000111
queries,10110001000
questions,10110001001
queue,10110001010
quick,10110001011
quickly,10110001100
randomized,10110001101
range,10110001110
rapid,10110001111
rate,10110010000
rates,10110010001
rather,10110010010
raw,10110010011
reach,10110010100
reached,10110010101
react,10110010110
read,10110010111
readability,10110011000
readable,10110011001
readily,10110011010
reading,10110011011
ready,10110011100
real,10110011101
realtime,10110011110
rearrange,10110011111
rease,10110100000
reason,10110100001
reasons,10110100010
reboot,10110100011
rebroadcast,10110100100
rebroadcasting,10110100101
receipt,10110100110
receive,10110100111
received,10110101000
receives,10110101001
recent,10110101010
recirculation,10110101011
recognition,10110101100
recognize,10110101101
recommendations,10110101110
recommended,10110101111
recommending,10110110000
reconfiguration,10110110001
record,10110110010
recorded,10110110011
records,10110110100
recover,10110110101
recoverable,10110110110
recovery,10110110111
rectify,10110111000
redepartment,10110111001
redistribute,10110111010
reference,10110111011
referencing,10110111100
refers,10110111101
regarding,10110111110
regardless,10110111111
register,10111000000
registers,10111000001
registration,10111000010
regulations,10111000011
relate,10111000100
related,10111000101
relating,10111000110
relevant,10111000111
reliability,10111001000
reliable,10111001001
remain,10111001010
remedy,10111001011
removable,10111001100
remove,10111001101
rent,10111001110
rental,10111001111
repair,10111010000
repeatable,10111010001
replace,10111010010
replaced,10111010011
replacement,10111010100
replanning,10111010101
replica,10111010110
replication,10111010111
replies,10111011000
repo,10111011001
report,10111011010
reported,10111011011
reporting,10111011100
reports,10111011101
representing,10111011110
req,10111011111
request,10111100000
requested,10111100001
requests,10111100010
require,10111100011
required,10111100100
requirement,10111100101
requirements,10111100110
requires,10111100111
reschedule,10111101000
rescheduling,10111101001
research,10111101010
resends,10111101011
resizable,10111101100
resize,10111101101
resized,10111101110
resolution,10111101111
resolve,10111110000
resolved,10111110001
resource,10111110010
resources,10111110011
respect,10111110100
respond,10111110101
responding,10111110110
response,10111110111
responses,10111111000
responsibilities,10111111001
responsive,10111111010
restaurants,10111111011
restore,10111111100
restricted,10111111101
restrictions,10111111110
result,10111111111
results,11000000000
resume,11000000001
retention,11000000010
retrieval,11000000011
retrieve,11000000100
retrieving,11000000101
return,11000000110
returning,11000000111
reusability,11000001000
reusable,11000001001
reversible,11000001010
revoke,11000001011
rfi,11000001100
right,11000001101
rights,11000001110
robust,11000001111
robustness,11000010000
role,11000010001
rolebased,11000010010
roles,11000010011
rtcpeerconnection,11000010100
rti,11000010101
rule,11000010110
rules,11000010111
run,11000011000
running,11000011001
safe,11000011010
safeguards,11000011011
safety,11000011100
samplesdumps,11000011101
santa,11000011110
satisfaction,11000011111
saved,11000100000
saving,11000100001
scaleable,11000100010
scan,11000100011
scenarios,11000100100
scheme,11000100101
schemes,11000100110
school,11000100111
screen,11000101000
screens,11000101001
scrolling,11000101010
sdms,11000101011
sdp,11000101100
search,11000101101
searches,11000101110
searchfilter,11000101111
searching,11000110000
second,11000110001
seconds,11000110010
section,11000110011
sections,11000110100
secure,11000110101
secured,11000110110
securely,11000110111
security,11000111000
see,11000111001
segment,11000111010
segments,11000111011
select,11000111100
selectable,11000111101
selected,11000111110
selecting,11000111111
selectively,11001000000
self,11001000001
selfdescriptive,11001000010
selfdescriptiveness,11001000011
selfmonitoring,11001000100
semantics,11001000101
send,11001000110
sending,11001000111
sense,11001001000
sensitive,11001001001
sent,11001001010
sentences,11001001011
sequence,11001001100
serial,11001001101
series,11001001110
server,11001001111
servers,11001010000
serverside,11001010001
service,11001010010
session,11001010011
sessions,11001010100
set,11001010101
sets,11001010110
several,11001010111
shall,11001011000
sharing,11001011001
sheets,11001011010
shift,11001011011
shopping,11001011100
short,11001011101
shorter,11001011110
show,11001011111
showing,11001100000
shown,11001100001
shows,11001100010
showsup,11001100011
shrinking,11001100100
shrinks,11001100101
side,11001100110
signal,11001100111
signaling,11001101000
similar,11001101001
simple,11001101010
simplicity,11001101011
simply,11001101100
simultaneous,11001101101
simultaneously,11001101110
single,11001101111
sit,11001110000
site,11001110001
sites,11001110010
situations,11001110011
size,11001110100
sizes,11001110101
skimming,11001110110
skip,11001110111
slower,11001111000
small,11001111001
smaller,11001111010
sms,11001111011
smtp,11001111100
software,11001111101
solid,11001111110
solution,11001111111
soon,11010000000
sorting,11010000001
source,11010000010
space,11010000011
spam,11010000100
spatial,11010000101
special,11010000110
specialist,11010000111
specific,11010001000
specifically,11010001001
specification,11010001010
specifications,11010001011
specified,11010001100
specify,11010001101
spectra,11010001110
spectral,11010001111
speed,11010010000
speeds,11010010001
spelling,11010010010
spent,11010010011
splash,11010010100
spring,11010010101
square,11010010110
srs,11010010111
srtp,11010011000
stable,11010011001
staff,11010011010
stamp,11010011011
standard,11010011100
standardized,11010011101
standards,11010011110
standby,11010011111
stands,11010100000
start,11010100001
started,11010100010
starting,11010100011
state,11010100100
stated,11010100101
statement,11010100110
states,11010100111
station,11010101000
stations,11010101001
statistics,11010101010
status,11010101011
statuswise,11010101100
steps,11010101101
still,11010101110
stipulate,11010101111
stock,11010110000
stop,11010110001
stopped,11010110010
storage,11010110011
store,11010110100
stored,11010110101
storing,11010110110
strategies,11010110111
stre,11010111000
stream,11010111001
streaming,11010111010
streams,11010111011
strict,11010111100
strin,11010111101
string,11010111110
stringent,11010111111
structure,11011000000
structures,11011000001
students,11011000010
studies,11011000011
studio,11011000100
style,11011000101
subject,11011000110
submitted,11011000111
subsequent,11011001000
subsystems,11011001001
successful,11011001010
successfully,11011001011
sudden,11011001100
sufficient,11011001101
suitable,11011001110
suitably,11011001111
sum,11011010000
summation,11011010001
superimpose,11011010010
superket,11011010011
superuser,11011010100
supply,11011010101
support,11011010110
supported,11011010111
supporting,11011011000
supports,11011011001
sure,11011011010
surety,11011011011
suspect,11011011100
suspects,11011011101
switch,11011011110
synchronization,11011011111
synchronize,11011100000
system,11011100001
systemg,11011100010
systems,11011100011
table,11011100100
tables,11011100101
tablet,11011100110
tackle,11011100111
take,11011101000
taken,11011101001
taking,11011101010
talk,11011101011
target,11011101100
task,11011101101
tasks,11011101110
tbd,11011101111
tcp,11011110000
tcpip,11011110001
technical,11011110010
technically,11011110011
techniques,11011110100
technologies,11011110101
technology,11011110110
temperatures,11011110111
template,11011111000
temporary,11011111001
terminology,11011111010
terms,11011111011
tested,11011111100
testing,11011111101
text,11011111110
textbased,11011111111
textonly,11100000000
textual,11100000001
theft,11100000010
thereafter,11100000011
therefore,11100000100
third,11100000101
throttle,11100000110
throughout,11100000111
thus,11100001000
time,11100001001
times,11100001010
title,11100001011
titles,11100001100
today,11100001101
tofrom,11100001110
tolerance,11100001111
tolerances,11100010000
tool,11100010001
tools,11100010010
toolslibraries,11100010011
top,11100010100
total,11100010101
town,11100010110
track,11100010111
tracker,11100011000
traffic,11100011001
trail,11100011010
trails,11100011011
transactions,11100011100
transfer,11100011101
transferable,11100011110
transform,11100011111
translatable,11100100000
transmission,11100100001
trap,11100100010
tribes,11100100011
trigger,11100100100
triggers,11100100101
try,11100100110
turn,11100100111
turnaround,11100101000
turned,11100101001
two,11100101010
type,11100101011
types,11100101100
typical,11100101101
typically,11100101110
uc,11100101111
udp,11100110000
ui,11100110001
unable,11100110010
unalterable,11100110011
unauthorised,11100110100
unauthorized,11100110101
unavailable,11100110110
unchanged,11100110111
unconverted,11100111000
underflows,11100111001
underlines,11100111010
understand,11100111011
understanding,11100111100
understood,11100111101
undesired,11100111110
undue,11100111111
unexpected,11101000000
unique,11101000001
uniquely,11101000010
unit,11101000011
united,11101000100
units,11101000101
unitspersonnel,11101000110
university,11101000111
unix,11101001000
unless,11101001001
unnecessary,11101001010
unplanned,11101001011
unresponsive,11101001100
unrestricted,11101001101
unusual,11101001110
unwanted,11101001111
update,11101010000
updated,11101010001
updating,11101010010
upload,11101010011
upon,11101010100
upsinverter,11101010101
uptime,11101010110
usability,11101010111
usable,11101011000
use,11101011001
used,11101011010
useful,11101011011
user,11101011100
useracceptance,11101011101
userconfigurable,11101011110
userdefinable,11101011111
userfriendliness,11101100000
userfriendly,11101100001
userintuitive,11101100010
username,11101100011
usernamepassword,11101100100
users,11101100101
userspecified,11101100110
uses,11101100111
using,11101101000
usually,11101101001
utilize,11101101010
v,11101101011
vacant,11101101100
valid,11101101101
validation,11101101110
validity,11101101111
validly,11101110000
value,11101110001
values,11101110010
vanvleck,11101110011
variety,11101110100
various,11101110101
varying,11101110110
verification,11101110111
verify,11101111000
version,11101111001
versions,11101111010
vertical,11101111011
via,11101111100
video,11101111101
view,11101111110
viewer,11101111111
viewers,11110000000
viewing,11110000001
violate,11110000010
violations,11110000011
virus,11110000100
visible,11110000101
vista,11110000110
visual,11110000111
visualize,11110001000
visually,11110001001
w,11110001010
wait,11110001011
want,11110001100
wanted,11110001101
wants,11110001110
warning,11110001111
warrant,11110010000
watch,11110010001
way,11110010010
ways,11110010011
wcag,11110010100
web,11110010101
webcam,11110010110
webrtc,11110010111
website,11110011000
websockets,11110011001
well,11110011010
whatdoyouneedtodo,11110011011
whatever,11110011100
whats,11110011101
whenever,11110011110
whereabouts,11110011111
wherever,11110100000
whether,11110100001
whichever,11110100010
white,11110100011
window,11110100100
windowing,11110100101
windows,11110100110
wise,11110100111
wish,11110101000
within,11110101001
withinpage,11110101010
withou,11110101011
without,11110101100
wonder,11110101101
word,11110101110
words,11110101111
work,11110110000
working,11110110001
workstation,11110110010
worrying,11110110011
would,11110110100
write,11110110101
writing,11110110110
wwwusabilitygov,11110110111
x,11110111000
yet,11110111001
zero,11110111010
