X_text,X_emb
using,10011011100
different,00100000111
codes,00110111000
able,00000000011
correlator,00101011111
done,01100010110
effects,01100101100
data,00101100011
channel,00110011101
specific,10111001100
data,00101100011
important,01011101001
semantics,10101100111
need,11001000000
features,01111010101
skimming,10101001101
user,10011110010
allow,00001110101
provision,11111000000
valid,10011011011
units,10011100111
download,01100010010
means,11000101000
live,01000001111
webrtc,10001011100
user,10011110010
proper,11111011000
moreover,11001010100
applicable,00001001100
administrator,00001100000
within,10001111101
rental,11100101000
webrtc,10001011100
statistics,10111111111
showsup,10101010010
must,11001011000
api,00001001001
application,00001000100
deduct,00100100100
owner,11010111111
trail,10010010111
avoiding,00011101110
network,11011000111
color,00110101010
data,00101100011
description,00100010001
even,01101011101
specific,10111001100
error,01101010011
state,10111110110
entities,01101110111
changes,00110011110
amount,00001010101
frames,01110101011
delivery,00100111111
button,00010011111
indication,01011010001
must,11001011000
server,10101101000
uc,10010111000
time,10010001101
software,10101000011
using,10011011100
information,01011011111
srs,10111011100
dynamically,01100111111
designed,00100010101
key,01001100110
shall,10101110100
labelled,01000100111
user,10011110010
notified,11011010110
see,10100100101
stop,10111101001
manual,11000110001
service,10101111011
prior,11111111001
much,11001011111
browse,00010010001
paths,11010011001
system,10110010001
required,11100010110
participant,11010010010
based,00010100000
pages,11010110111
protected,11111001100
shall,10101110100
budget,00010010110
police,11110110001
case,00110000110
able,00000000011
making,11000011101
whatdoyouneedtodo,10001010110
actor,00000111111
webrtc,10001011100
meet,11000101100
search,10100111011
pages,11010110111
integration,01001000000
document,01100011101
geographical,01110011011
halal,01010001100
interact,01001000110
overviews,11010111110
iso,01001111111
andor,00001011111
operation,11011100110
information,01011011111
series,10101101001
product,11111010010
users,10011010111
requirements,11100010101
duration,01100111100
every,01101011010
access,00000001101
category,00110001111
owner,11010111111
get,01110011001
data,00101100011
enter,01101111101
conflict,00111010101
use,10011110101
viewer,10011000000
information,01011011111
participant,11010010010
power,11110101010
apply,00001000110
produced,11111010011
different,00100000111
input,01011001111
css,00101111011
results,10100000000
user,10011110010
page,11010110101
data,00101100011
nans,11001001111
maintain,11000001001
used,10011110111
securely,10100101100
replacement,11100111110
x,10001100100
validation,10011011001
files,01111110000
new,11011001100
confuse,00111010100
feature,01111010100
bullet,00010010100
level,01000010001
display,01100001100
experience,01111000001
capabilities,00010001100
notified,11011010110
post,11110111010
concept,00111110011
nontext,11011011110
basic,00010100011
defects,00100101111
check,00110010110
well,10001010111
example,01101001010
database,00101100001
studies,10110100010
supported,10110111100
pros,11111001111
shall,10101110100
able,00000000011
get,01110011001
sets,10101111101
functional,01110010000
access,00000001101
dashed,00101100110
system,10110010001
search,10100111011
solid,10101000001
processing,11111110001
error,01101010011
operating,11011100111
messages,11001100010
pages,11010110111
users,10011010111
interfaces,01001011000
system,10110010001
disk,01100000101
includes,01011111111
type,10010111110
user,10011110010
extensibility,01111001100
profiles,11111011100
description,00100010001
user,10011110010
private,11111111111
support,10110111101
interfaces,01001011000
able,00000000011
amount,00001010101
active,00000110100
use,10011110101
shall,10101110100
post,11110111010
hardware,01010011000
must,11001011000
citizens,00110110110
remove,11100101011
content,00111000000
list,01000011000
corrections,00101011000
two,10010111111
help,01010011010
actual,00000111010
colour,00110101111
case,00110000110
system,10110010001
periodically,11110000000
wait,10001001110
input,01011001111
additionally,00000101101
delete,00100111001
acknowledge,00000010011
app,00001001011
regardless,11101100000
users,10011010111
errors,01101010010
could,00101010101
navigation,11001000110
columns,00110101100
overview,11010111010
execute,01101000101
time,10010001101
required,11100010110
part,11010010001
inside,01011001100
queue,11101001111
functional,01110010000
peers,11010001011
taken,10110011101
less,01000110000
logobarcode,11000000000
system,10110010001
connections,00111011110
like,01000010100
requirement,11100010111
number,11011010011
band,00011100110
bootstrap,00010111111
zero,10001100111
care,00110000000
owner,11010111111
software,10101000011
service,10101111011
shall,10101110100
mobile,11001111101
new,11011001100
modify,11001110010
end,01101101000
lead,01000111110
passwords,11010011010
broadcaster,00010110011
features,01111010101
queue,11101001111
first,01111111001
studies,10110100010
application,00001000100
expected,01111000000
error,01101010011
ensure,01101111111
participant,11010010010
human,01010101000
placed,11110011010
deliver,00100111010
user,10011110010
instantly,01011000110
jqueryajax,01001101111
questions,11101001101
able,00000000011
overflows,11010111000
data,00101100011
media,11000101110
frequency,01110111010
must,11001011000
view,10011000001
possible,11110111111
cctns,00110001011
certain,00110001001
users,10011010111
functionality,01110010011
requirement,11100010111
means,11000101000
communicate,00110100000
user,10011110010
user,10011110010
broadcasting,00010110000
high,01010010110
designing,00100010100
optional,11010100000
set,10101111111
server,10101101000
essys,01101010101
future,01110010100
meeting,11000100100
string,10111100001
unalterable,10010101010
end,01101101000
alerts,00001111110
user,10011110010
backend,00011100100
important,01011101001
older,11011111000
using,10011011100
module,11001110011
request,11100010000
trail,10010010111
makes,11000011111
might,11001101110
list,01000011000
https,01010111000
comparison,00111100101
store,10111101110
must,11001011000
navigation,11001000110
users,10011010111
perlldap,11110000011
clearly,00110110101
external,01111001111
users,10011010111
data,00101100011
make,11000011110
iso,01001111111
broadcaster,00010110011
ppcast,11110101111
requirement,11100010111
operations,11011100011
units,10011100111
contents,00101000000
familiar,01111011110
well,10001010111
draw,01100010000
audit,00011110000
purpose,11101000011
performance,11010000110
responses,11100000100
done,01100010110
presented,11111100101
providing,11111000001
abstracted,00000000110
textual,10010000001
maximum,11000111110
whichever,10001110011
results,10100000000
standard,10111010010
sufficient,10110101011
errors,01101010010
pages,11010110111
one,11011101000
citizens,00110110110
information,01011011111
performance,11010000110
providing,11111000001
processing,11111110001
provide,11111000110
data,00101100011
change,00110011011
taken,10110011101
track,10010011100
exceed,01101001110
want,10001001010
meeting,11000100100
lag,01000100100
uc,10010111000
domain,01100010111
site,10101001001
adaptability,00000111011
age,00001101010
within,10001111101
labels,01000100101
form,01111100000
interface,01001001000
text,10110000001
based,00010100000
websockets,10001010101
minimize,11001111000
priy,11111111100
processing,11111110001
identity,01010100110
shown,10101010001
accessible,00000001010
useful,10011110110
document,01100011101
use,10011110101
piece,11110001001
links,01000011001
opening,11011101111
useful,10011110110
inspection,01011000100
number,11011010011
concerned,00111110001
report,11100110111
compiles,00111101111
interchange,01001001101
code,00110111001
access,00000001101
ee,01100101010
stream,10111100101
line,01000011110
familiar,01111011110
degrade,00100101000
must,11001011000
includes,01011111111
remove,11100101011
information,01011011111
backend,00011100100
mobile,11001111101
case,00110000110
whatever,10001010010
use,10011110101
operations,11011100011
critical,00101111110
distances,01100001011
aips,00001111001
receive,11101110100
also,00001110001
navigation,11001000110
able,00000000011
different,00100000111
performance,11010000110
taking,10110011111
record,11101101011
content,00111000000
time,10010001101
flags,01111101010
rights,10100001001
accessibility,00000001110
repo,11100110101
provide,11111000110
traffic,10010010101
system,10110010001
block,00010101001
happen,01010001000
increase,01011110101
avoiding,00011101110
hisher,01010010001
product,11111010010
structure,10110100000
software,10101000011
output,11010101010
website,10001010100
paper,11010110010
consistently,00111001011
landing,01000101100
streaming,10111100111
delivering,00100111110
unplanned,10011101110
clear,00110110111
shall,10101110100
rescheduling,11100011101
available,00011101000
configuration,00111010010
able,00000000011
single,10101011000
based,00010100000
translatable,10010110000
iso,01001111111
dtls,01100110010
user,10011110010
track,10010011100
correlator,00101011111
interface,01001001000
needed,11011000000
system,10110010001
navigation,11001000110
data,00101100011
activities,00000111100
links,01000011001
working,10001101001
data,00101100011
problems,11111110100
expected,01111000000
component,00111111010
performing,11010000011
directly,00100000000
hiding,01010010111
broadcaster,00010110011
avoided,00011101010
implementation,01011101100
one,11011101000
property,11111001011
name,11001001011
processes,11111110011
interfaces,01001011000
observational,11011110000
transfer,10010010011
product,11111010010
traffic,10010010101
user,10011110010
action,00000110011
recover,11101101111
portable,11110110101
lists,01000001010
reports,11100110011
page,11010110101
values,10011001011
date,00100100001
situations,10101001010
recommended,11101111000
attempts,00011010010
provided,11111000010
andor,00001011111
objects,11011010000
better,00010101110
processing,11111110001
webrtc,10001011100
currency,00101111001
map,11000110110
messagedata,11001100011
account,00000011010
questions,11101001101
forms,01110100111
message,11001100001
halal,01010001100
https,01010111000
provide,11111000110
html,01010111011
units,10011100111
internal,01001011011
normal,11011011111
data,00101100011
based,00010100000
displayed,01100001101
allowed,00001110111
system,10110010001
provide,11111000110
goals,01110001111
monitor,11001010000
user,10011110010
software,10101000011
user,10011110010
video,10011000011
implemented,01011101111
requests,11100010011
increased,01011110111
able,00000000011
set,10101111111
links,01000011001
made,11000001110
appropriate,00001000001
indicate,01011110001
process,11111110110
uniquely,10011100011
invalid,01001010001
shall,10101110100
easy,01100111001
prevent,11111101100
date,00100100001
user,10011110010
webcam,10001011101
values,10011001011
units,10011100111
text,10110000001
functionality,01110010011
requirement,11100010111
features,01111010101
time,10010001101
robust,10100001000
successful,10110101111
investigation,01001110000
product,11111010010
users,10011010111
effect,01100101110
court,00101010001
participant,11010010010
none,11011001011
users,10011010111
appropriate,00001000001
data,00101100011
messages,11001100010
would,10001101110
cross,00101111010
data,00101100011
accounts,00000011111
changes,00110011110
easily,01100111010
visually,10001001101
effectively,01100101111
relating,11100100101
peer,11010001001
must,11001011000
event,01101011111
product,11111010010
backend,00011100100
need,11001000000
interface,01001001000
system,10110010001
expected,01111000000
uc,10010111000
application,00001000100
user,10011110010
acceptable,00000000100
splash,10111011110
nonprivileged,11011011010
system,10110010001
user,10011110010
users,10011010111
information,01011011111
size,10101001110
raw,11101011010
components,00111111110
terms,10110000110
processing,11111110001
bound,00010110100
buffer,00010010111
attributes,00011010000
functionality,01110010011
explicit,01111000010
user,10011110010
administrator,00001100000
deployment,00100110110
ability,00000000001
scheme,10100110111
product,11111010010
different,00100000111
user,10011110010
search,10100111011
screen,10100111100
uc,10010111000
content,00111000000
purpose,11101000011
randomized,11101001011
source,10111000011
message,11001100001
system,10110010001
post,11110111010
university,10011100100
controls,00101000100
authority,00011110111
supported,10110111100
reboot,11101110010
protected,11111001100
initiate,01011011000
items,01001101000
also,00001110001
integrity,01001000001
viewer,10011000000
srs,10111011100
alternatively,00001010011
system,10110010001
fidelity,01111010010
fixed,01111101000
module,11001110011
product,11111010010
network,11011000111
expect,01101000011
offering,11011111101
customer,00101101001
providing,11111000001
output,11010101010
post,11110111010
provide,11111000110
needs,11011000001
operations,11011100011
used,10011110111
mysql,11001001000
care,00110000000
json,01001101100
account,00000011010
also,00001110001
fit,01111111000
graphical,01110000011
users,10011010111
product,11111010010
connection,00111011111
output,11010101010
used,10011110111
files,01111110000
colours,00110101101
source,10111000011
investigation,01001110000
nonfunctional,11011011000
space,10111000010
database,00101100001
pages,11010110111
users,10011010111
accessible,00000001010
management,11000010010
run,10100010100
user,10011110010
include,01011111010
module,11001110011
time,10010001101
resolved,11100001001
expressed,01111000101
time,10010001101
cause,00110001010
parameters,11010110000
connection,00111011111
logo,01000000000
bandwidth,00011100010
attempts,00011010010
clearly,00110110101
property,11111001011
interruption,01001010100
system,10110010001
morally,11001010101
operate,11011100100
process,11111110110
actions,00000110010
frequency,01110111010
android,00001011110
website,10001010100
paths,11010011001
maintain,11000001001
standard,10111010010
communication,00111100001
viewer,10011000000
college,00110101011
location,01000000100
needs,11011000001
video,10011000011
book,00010111001
report,11100110111
comparing,00111100111
required,11100010110
shall,10101110100
within,10001111101
audit,00011110000
output,11010101010
practical,11110101100
property,11111001011
mobile,11001111101
operating,11011100111
addresses,00000100101
accounts,00000011111
user,10011110010
short,10101110011
many,11000110010
must,11001011000
rather,11101011011
take,10110011100
user,10011110010
use,10011110101
develop,00100001110
navigation,11001000110
progress,11111011110
password,11010011110
interface,01001001000
google,01110000100
storage,10111101010
project,11111011011
geographical,01110011011
text,10110000001
taken,10110011101
navigation,11001000110
way,10001011011
within,10001111101
privileges,11111111101
initial,01011011001
system,10110010001
product,11111010010
software,10101000011
able,00000000011
policies,11110110011
system,10110010001
needed,11011000000
long,11000000001
preference,11110100000
processes,11111110011
menu,11000100000
broadcast,00010110010
operational,11011100010
location,01000000100
product,11111010010
many,11000110010
shall,10101110100
user,10011110010
recirculation,11101111110
operations,11011100011
admin,00000100001
user,10011110010
customers,00101101011
take,10110011100
taken,10110011101
user,10011110010
count,00101010111
system,10110010001
peers,11010001011
updated,10011111001
page,11010110101
input,01011001111
video,10011000011
resume,10100000001
vacant,10011011010
accessible,00000001010
certain,00110001001
id,01010101010
existing,01101000010
product,11111010010
scan,10100110010
move,11001011100
lag,01000100100
report,11100110111
page,11010110101
secured,10100101101
meeting,11000100100
ideally,01010101111
data,00101100011
inbuilt,01011111001
data,00101100011
user,10011110010
right,10100001011
crashed,00101110011
measurement,11000101001
navigation,11001000110
keywords,01001100001
several,10101111100
flexible,01111101111
designing,00100010100
requirements,11100010101
professional,11111010101
conflict,00111010101
images,01011100001
give,01110001000
types,10010111010
client,00110111100
administrator,00001100000
channels,00110011100
messages,11001100010
user,10011110010
amounts,00001010100
users,10011010111
state,10111110110
interruption,01001010100
textbased,10110000000
districts,01100011010
replication,11100111100
forms,01110100111
shall,10101110100
input,01011001111
negative,11011000011
abstracted,00000000110
change,00110011011
distances,01100001011
manipulation,11000010001
data,00101100011
ingredients,01011011011
components,00111111110
used,10011110111
meeting,11000100100
avoid,00011101011
frequency,01110111010
evident,01101011001
exclusion,01101000100
downscale,01100010011
peer,11010001001
perform,11010000111
technology,10110001101
parameters,11010110000
added,00000101011
prevent,11111101100
appear,00001001010
allow,00001110101
system,10110010001
response,11100001100
series,10101101001
system,10110010001
site,10101001001
providing,11111000001
localization,01000001101
click,00110110100
flexibility,01111101110
system,10110010001
secured,10100101101
peer,11010001001
shall,10101110100
sites,10101001011
another,00001011010
like,01000010100
taking,10110011111
must,11001011000
accomplish,00000011000
uses,10011010100
technology,10110001101
option,11011100000
would,10001101110
must,11001011000
accomplish,00000011000
reports,11100110011
constraints,00111001100
audit,00011110000
automatically,00011111010
database,00101100001
output,11010101010
underflows,10010100101
channels,00110011100
halal,01010001100
goal,01110001110
control,00101000111
user,10011110010
planned,11110010101
system,10110010001
intervention,01001010111
initiate,01011011000
predefined,11110100111
able,00000000011
spectra,10111001001
navigation,11001000110
search,10100111011
discount,01100000111
protocol,11111000101
important,01011101001
run,10100010100
police,11110110001
information,01011011111
guidelines,01010000101
maintenance,11000011010
addremove,00000101100
option,11011100000
want,10001001010
viewers,10001000000
users,10011010111
illegal,01010100000
trails,10010010110
system,10110010001
transform,10010010000
adjustment,00000100010
take,10110011100
easy,01100111001
also,00001110001
mobile,11001111101
lag,01000100100
information,01011011111
output,11010101010
functionality,01110010011
tolerance,10010001000
deploys,00100110010
able,00000000011
issue,01001111010
shall,10101110100
number,11011010011
formatted,01110100011
see,10100100101
mc,11000111011
service,10101111011
support,10110111101
front,01110110111
browse,00010010001
correlator,00101011111
content,00111000000
needs,11011000001
customize,00101101101
arising,00011001101
two,10010111111
processes,11111110011
special,10111000101
units,10011100111
fast,01111011101
searches,10100111001
reporting,11100110010
date,00100100001
user,10011110010
deleted,00100111011
simultaneously,10101011001
obtained,11011110010
interface,01001001000
categories,00110001101
specific,10111001100
connection,00111011111
display,01100001100
taken,10110011101
data,00101100011
client,00110111100
member,11000100111
contents,00101000000
request,11100010000
microphone,11001101101
helping,01010011111
andor,00001011111
date,00100100001
turned,10010111101
using,10011011100
ee,01100101010
method,11001100101
withinpage,10001111111
connection,00111011111
level,01000010001
successful,10110101111
minimizing,11001111011
parties,11010010100
samplesdumps,10100010011
process,11111110110
santa,10100010001
user,10011110010
view,10011000001
device,00100001101
memory,11000100010
tracker,10010010100
form,01111100000
database,00101100001
version,10011000101
datathis,00100100000
item,01001111000
parameters,11010110000
compare,00111100110
access,00000001101
json,01001101100
reading,11101010110
shown,10101010001
functionality,01110010011
ids,01010100011
automatic,00011111110
legal,01000110101
objects,11011010000
system,10110010001
correctness,00101011010
like,01000010100
stream,10111100101
security,10100100100
prior,11111111001
made,11000001110
show,10101110000
conditions,00111010001
native,11001000100
maintained,11000011000
within,10001111101
long,11000000001
grouped,01010000000
searching,10100101000
clear,00110110111
mozilla,11001011101
currently,00101101000
fourier,01110101111
much,11001011111
able,00000000011
action,00000110011
offered,11011111100
accountability,00000011110
preference,11110100000
designed,00100010101
requirements,11100010101
alive,00001111111
arate,00011000001
take,10110011100
users,10011010111
friendly,01110110100
using,10011011100
tbd,10110011000
user,10011110010
send,10101100101
number,11011010011
gives,01110001011
show,10101110000
friendliness,01110111100
friends,01110110101
varying,10011001101
preference,11110100000
give,01110001000
strin,10111100011
pages,11010110111
input,01011001111
functionality,01110010011
system,10110010001
library,01000010111
assure,00011010100
module,11001110011
output,11010101010
data,00101100011
normalization,11011011101
shall,10101110100
gracefully,01110000101
interconnect,01001001111
trail,10010010111
operating,11011100111
use,10011110101
show,10101110000
system,10110010001
data,00101100011
price,11111101111
set,10101111111
system,10110010001
defects,00100101111
must,11001011000
high,01010010110
response,11100001100
activated,00000110110
measurement,11000101001
accessed,00000001111
price,11111101111
given,01110001001
ldap,01000111010
registration,11100100011
signaling,10101011100
broadcaster,00010110011
platform,11110010110
simply,10101011010
compatible,00111101101
database,00101100001
domain,01100010111
must,11001011000
third,10010000111
detected,00100011000
monitor,11001010000
subsequent,10110101100
equivalent,01101010000
messagedata,11001100011
output,11010101010
user,10011110010
reboot,11101110010
one,11011101000
case,00110000110
man,11000010100
following,01111100101
users,10011010111
able,00000000011
apache,00001001000
ee,01100101010
network,11011000111
adapting,00000101000
form,01111100000
communications,00111100011
functionality,01110010011
background,00011100101
customizable,00101101111
shall,10101110100
piped,11110011000
cost,00101010100
following,01111100101
cut,00101100100
sizes,10101001111
system,10110010001
users,10011010111
page,11010110101
role,10100011001
shall,10101110100
uptime,10011111101
verification,10011001100
read,11101011100
system,10110010001
different,00100000111
user,10011110010
halal,01010001100
fourier,01110101111
accumulation,00000011100
budget,00010010110
thus,10010001100
able,00000000011
product,11111010010
information,01011011111
navigation,11001000110
application,00001000100
user,10011110010
ict,01010101011
system,10110010001
software,10101000011
common,00110100011
system,10110010001
system,10110010001
option,11011100000
chainable,00110011001
complete,00111101001
requests,11100010011
conditions,00111010001
place,11110011011
action,00000110011
interfaces,01001011000
users,10011010111
able,00000000011
heroku,01010010100
bootstrap,00010111111
link,01000011010
location,01000000100
authentication,00011110010
limit,01000011101
case,00110000110
provide,11111000110
filter,01111110010
facility,01111001000
emails,01101100011
made,11000001110
get,01110011001
report,11100110111
users,10011010111
member,11000100111
without,10001111010
series,10101101001
user,10011110010
main,11000001010
different,00100000111
change,00110011011
perception,11010000101
specification,10111001111
provision,11111000000
shall,10101110100
superimpose,10110111011
profiles,11111011100
navigation,11001000110
user,10011110010
user,10011110010
guidelines,01010000101
human,01010101000
specific,10111001100
via,10011000010
user,10011110010
measurement,11000101001
messages,11001100010
user,10011110010
per,11010001100
time,10010001101
shall,10101110100
require,11100010010
hardware,01010011000
memory,11000100010
criteria,00101111111
authorize,00011110101
testing,10110000011
designing,00100010100
achieved,00000010110
rules,10100011100
program,11111011101
message,11001100001
able,00000000011
barbara,00011100001
information,01011011111
links,01000011001
quickly,11101001010
assembly,00011011000
rebroadcast,11101110110
worrying,10001101010
users,10011010111
report,11100110111
appropriate,00001000001
final,01111110111
within,10001111101
tracker,10010010100
service,10101111011
domain,01100010111
police,11110110001
multiple,11001011011
lag,01000100100
count,00101010111
purposes,11101000010
capacity,00010000111
connect,00111011100
go,01110001010
previous,11111101101
interface,01001001000
perform,11010000111
conditions,00111010001
must,11001011000
general,01110011100
barcode,00011100000
bulleted,00010011100
consistent,00111001001
functions,01110010111
diverse,01100011110
details,00100011001
database,00101100001
arise,00011001100
using,10011011100
individualizing,01011010110
never,11011000100
hardware,01010011000
overall,11010101001
successfully,10110101110
able,00000000011
police,11110110001
access,00000001101
rearrange,11101010000
system,10110010001
allow,00001110101
queue,11101001111
input,01011001111
system,10110010001
property,11111001011
edit,01100101000
selected,10100100001
different,00100000111
many,11000110010
input,01011001111
recommended,11101111000
turn,10010110100
method,11001100101
presented,11111100101
using,10011011100
labels,01000100101
different,00100000111
segment,10100100111
call,00010011000
alerts,00001111110
system,10110010001
function,01110110000
physical,11110001010
bandwidth,00011100010
meeting,11000100100
ideas,01010101101
observing,11011110011
acceptable,00000000100
allows,00001110010
using,10011011100
principles,11111101010
across,00000010000
includes,01011111111
visual,10001000100
mobile,11001111101
users,10011010111
compatible,00111101101
correlator,00101011111
groups,01010000001
given,01110001001
application,00001000100
mode,11001110100
show,10101110000
users,10011010111
policies,11110110011
figure,01111010001
reliability,11100101100
domain,01100010111
process,11111110110
proper,11111011000
sensitive,10101101101
types,10010111010
metadata,11001100111
create,00101110110
member,11000100111
search,10100111011
grant,01110000110
allows,00001110010
international,01001011111
filter,01111110010
fourier,01110101111
interface,01001001000
case,00110000110
data,00101100011
members,11000100110
reboot,11101110010
command,00110100010
system,10110010001
able,00000000011
several,10101111100
keep,01001100101
actions,00000110010
software,10101000011
post,11110111010
virus,10001000110
campuses,00010001010
interfaces,01001011000
within,10001111101
webcam,10001011101
submitted,10110100100
power,11110101010
customizable,00101101111
using,10011011100
include,01011111010
data,00101100011
frequency,01110111010
shall,10101110100
system,10110010001
verify,10011000100
interfaces,01001011000
domain,01100010111
information,01011011111
correlator,00101011111
positive,11110111101
module,11001110011
performance,11010000110
capturing,00010000000
hit,01010010000
new,11011001100
text,10110000001
ppcast,11110101111
relevant,11100100100
user,10011110010
used,10011110111
participants,11010010110
awareness,00011101101
rease,11101110000
critical,00101111110
user,10011110010
want,10001001010
seconds,10100101011
word,10001111001
user,10011110010
personal,11110000101
interfaces,01001011000
stations,10111111101
needs,11011000001
list,01000011000
hardware,01010011000
isla,01001111101
system,10110010001
connection,00111011111
taken,10110011101
bandwidth,00011100010
toolslibraries,10010011010
wants,10001001001
free,01110111000
prevent,11111101100
barcode,00011100000
invalid,01001010001
transfer,10010010011
safety,10100010010
interface,01001001000
offline,11011111011
service,10101111011
customer,00101101001
link,01000011010
users,10011010111
receive,11101110100
data,00101100011
proper,11111011000
support,10110111101
variety,10011001110
role,10100011001
make,11000011110
sharing,10101110101
tracker,10010010100
choose,00110010001
fast,01111011101
cases,00110000111
listed,01000001000
verify,10011000100
chunks,00110110011
normal,11011011111
audit,00011110000
unable,10010101011
properly,11111001000
larger,01000101001
nonexpected,11011001001
try,10010110101
information,01011011111
conditions,00111010001
user,10011110010
adaptation,00000111000
peers,11010001011
usually,10011011101
person,11110000111
users,10011010111
longer,11000000011
must,11001011000
flags,01111101010
police,11110110001
process,11111110110
interruptions,01001010101
compute,00111110100
application,00001000100
alive,00001111111
addition,00000101110
notify,11011010010
measurement,11000101001
realtime,11101010001
provide,11111000110
try,10010110101
reconfiguration,11101101001
api,00001001001
determining,00100001010
data,00101100011
customer,00101101001
entities,01101110111
barcode,00011100000
manner,11000010000
component,00111111010
standard,10111010010
interface,01001001000
made,11000001110
externally,01111001110
design,00100010110
audit,00011110000
yet,10001100101
range,11101001001
alternative,00001010001
university,10011100100
ict,01010101011
selectable,10100100011
rules,10100011100
receive,11101110100
linking,01000011011
cached,00010011001
models,11001110101
navigation,11001000110
immediately,01011100011
view,10011000001
following,01111100101
complaint,00111101010
controls,00101000100
perform,11010000111
appropriately,00001000000
information,01011011111
remove,11100101011
replace,11100111011
shall,10101110100
users,10011010111
interfaces,01001011000
rectify,11101100100
reliability,11100101100
result,11100000000
related,11100100111
groups,01010000001
sequence,10101101010
accessed,00000001111
achieving,00000010010
user,10011110010
additional,00000101111
information,01011011111
want,10001001010
name,11001001011
control,00101000111
send,10101100101
product,11111010010
access,00000001101
select,10100100010
content,00111000000
rule,10100011101
considered,00111011001
third,10010000111
automated,00011111111
time,10010001101
windows,10001110101
recover,11101101111
desktop,00100011101
user,10011110010
web,10001011111
understanding,10010100010
monthly,11001010110
frequently,01110111110
security,10100100100
priy,11111111100
preferred,11111100001
watch,10001011001
assumed,00011011101
regarding,11101100001
interface,01001001000
input,01011001111
applicable,00001001100
rfi,10100001010
memory,11000100010
application,00001000100
face,01111001010
performance,11010000110
serial,10101101011
capable,00010000101
advantage,00001100100
make,11000011110
engineering,01101111011
broadcasts,00010010000
properly,11111001000
unexpected,10011100000
requirements,11100010101
property,11111001011
output,11010101010
withinpage,10001111111
information,01011011111
clearly,00110110101
system,10110010001
allowing,00001110110
system,10110010001
pages,11010110111
prevent,11111101100
requirements,11100010101
control,00101000111
mobile,11001111101
internally,01001011010
meeting,11000100100
applicable,00001001100
user,10011110010
change,00110011011
important,01011101001
used,10011110111
records,11101101110
different,00100000111
real,11101010011
cpan,00101110000
occur,11011110110
shall,10101110100
designed,00100010101
user,10011110010
warning,10001001000
stream,10111100101
plus,11110010001
budget,00010010110
existing,01101000010
queries,11101001100
title,10010001110
specific,10111001100
software,10101000011
shall,10101110100
authentication,00011110010
shows,10101010011
including,01011111101
new,11011001100
action,00000110011
user,10011110010
using,10011011100
error,01101010011
system,10110010001
understanding,10010100010
auto,00011111100
customer,00101101001
captcha,00010000110
iso,01001111111
processing,11111110001
minimal,11001101001
resolve,11100001000
requests,11100010011
stamp,10111010110
user,10011110010
networks,11011000101
tables,10110010111
typical,10010111011
groups,01010000001
nans,11001001111
number,11011010011
carrying,00110000010
denied,00100110100
using,10011011100
date,00100100001
overall,11010101001
system,10110010001
needs,11011000001
navigating,11001000111
different,00100000111
include,01011111010
user,10011110010
application,00001000100
necessary,11001000001
broadcaster,00010110011
status,10111111110
making,11000011101
large,01000101011
accurate,00000010101
monitor,11001010000
halal,01010001100
courts,00101010000
application,00001000100
security,10100100100
basic,00010100011
phone,11110001111
sets,10101111101
tested,10110000010
information,01011011111
cross,00101111010
system,10110010001
specific,10111001100
perceiving,11010000100
interfaces,01001011000
process,11111110110
product,11111010010
make,11000011110
get,01110011001
layout,01000111011
issues,01001111001
channel,00110011101
prevent,11111101100
output,11010101010
must,11001011000
participants,11010010110
install,01011000101
system,10110010001
showing,10101010000
failure,01111011011
cctns,00110001011
captcha,00010000110
application,00001000100
name,11001001011
broadcast,00010110010
system,10110010001
store,10111101110
ision,01001111100
buffer,00010010111
suitable,10110101001
carried,00110000011
must,11001011000
provide,11111000110
presentation,11111100110
peers,11010001011
output,11010101010
members,11000100110
accessibility,00000001110
handle,01010001110
safety,10100010010
defaults,00100101100
rebroadcasting,11101110111
input,01011001111
external,01111001111
open,11011101010
media,11000101110
use,10011110101
required,11100010110
selecting,10100100000
allow,00001110101
allow,00001110101
individualization,01011010010
requests,11100010011
optional,11010100000
using,10011011100
shall,10101110100
user,10011110010
system,10110010001
system,10110010001
iso,01001111111
need,11001000000
screen,10100111100
database,00101100001
means,11000101000
access,00000001101
images,01011100001
implementation,01011101100
attributes,00011010000
use,10011110101
user,10011110010
minimizing,11001111011
generate,01110011111
important,01011101001
scan,10100110010
andor,00001011111
care,00110000000
textonly,10010000000
bookking,00010111011
user,10011110010
monitor,11001010000
leisure,01000110110
target,10110011010
meeting,11000100100
distinguishable,01100001000
processing,11111110001
screen,10100111100
long,11000000001
set,10101111111
go,01110001010
bootstrap,00010111111
unwanted,10011101000
certain,00110001001
baseline,00010100001
assemble,00011001000
printerfriendly,11111101000
individualization,01011010010
cannot,00010001101
user,10011110010
pages,11010110111
hardware,01010011000
sheets,10101110111
search,10100111011
level,01000010001
able,00000000011
date,00100100001
using,10011011100
safety,10100010010
valid,10011011011
error,01101010011
system,10110010001
formatted,01110100011
budget,00010010110
correctly,00101011001
like,01000010100
relevant,11100100100
performance,11010000110
time,10010001101
number,11011010011
changing,00110011111
must,11001011000
actions,00000110010
system,10110010001
navigation,11001000110
applications,00001000101
set,10101111111
accompanied,00000001000
potentially,11110101011
needed,11011000000
shall,10101110100
required,11100010110
ability,00000000001
shall,10101110100
essentially,01101010111
concept,00111110011
system,10110010001
watch,10001011001
printable,11111101011
need,11001000000
done,01100010110
mc,11000111011
selfdescriptive,10101100011
rebroadcast,11101110110
easy,01100111001
interface,01001001000
device,00100001101
filters,01111110110
button,00010011111
warning,10001001000
dispersed,01100000100
encounters,01101101010
maintenance,11000011010
pending,11010001110
implement,01011100100
attributes,00011010000
access,00000001101
formats,01110100001
windows,10001110101
data,00101100011
cctns,00110001011
camera,00010001001
small,10101000101
text,10110000001
prefer,11110100010
information,01011011111
meeting,11000100100
system,10110010001
determination,00100001011
internet,01001011101
defaults,00100101100
damaged,00101100111
none,11011001011
constructed,00111000101
shall,10101110100
received,11101111100
system,10110010001
foul,01110101100
constraint,00111001101
details,00100011001
user,10011110010
ppcast,11110101111
position,11110110100
containing,00111000011
operable,11011101101
software,10101000011
consistently,00111001011
counts,00101010010
removable,11100101010
downtime,01100010001
cloud,00110111010
used,10011110111
observed,11011110001
mode,11001110100
suitable,10110101001
overload,11010111011
units,10011100111
system,10110010001
parks,11010010000
specification,10111001111
manage,11000010101
option,11011100000
processors,11111010000
able,00000000011
admissibility,00001100110
able,00000000011
shall,10101110100
expected,01111000000
data,00101100011
text,10110000001
cases,00110000111
request,11100010000
none,11011001011
data,00101100011
autocorrection,00011111101
joining,01001101110
stated,10111110111
validly,10011001000
users,10011010111
self,10101100001
conditions,00111010001
firefox,01111111011
use,10011110101
website,10001010100
invalid,01001010001
shift,10101110110
human,01010101000
entered,01101111100
able,00000000011
access,00000001101
submitted,10110100100
display,01100001100
performance,11010000110
uc,10010111000
select,10100100010
give,01110001000
participants,11010010110
undue,10010100000
distinguishable,01100001000
processing,11111110001
correlated,00101011110
reschedule,11100011100
distance,01100001010
commonly,00110100001
citizens,00110110110
data,00101100011
broadcast,00010110010
channel,00110011101
evla,01101011000
meeting,11000100100
afterward,00001101110
filter,01111110010
username,10011010010
simultaneously,10101011001
simple,10101011111
deployment,00100110110
postal,11110111011
revoke,10100001110
approach,00001000010
allow,00001110101
traffic,10010010101
control,00101000111
specified,10111001010
quality,11101000111
track,10010011100
attend,00011010011
help,01010011010
intact,01011000011
channel,00110011101
users,10011010111
coming,00110100110
explanatory,01111000011
cctns,00110001011
user,10011110010
frequency,01110111010
github,01110011000
properties,11111001001
uc,10010111000
users,10011010111
idea,01010101110
viewers,10001000000
pages,11010110111
important,01011101001
multiple,11001011011
within,10001111101
bots,00010111101
android,00001011110
property,11111001011
page,11010110101
form,01111100000
diagram,00100000100
main,11000001010
user,10011110010
case,00110000110
warning,10001001000
scheme,10100110111
user,10011110010
owner,11010111111
using,10011011100
constraints,00111001100
personnel,11110001100
set,10101111111
database,00101100001
must,11001011000
bootstrap,00010111111
software,10101000011
employees,01101100111
opening,11011101111
architecture,00011000010
format,01110100000
input,01011001111
done,01100010110
module,11001110011
systems,10110010010
recognize,11101111011
display,01100001100
webrtc,10001011100
filter,01111110010
small,10101000101
user,10011110010
delay,00100111000
little,01000001110
translatable,10010110000
directly,00100000000
one,11011101000
necessarily,11001000011
back,00011101100
button,00010011111
able,00000000011
page,11010110101
meta,11001100110
cases,00110000111
version,10011000101
sum,10110111000
update,10011111000
broadcaster,00010110011
physical,11110001010
forum,01110100101
page,11010110101
text,10110000001
therefore,10010000110
product,11111010010
robustness,10100011000
free,01110111000
housingu,01010111111
useful,10011110110
business,00010011101
click,00110110100
output,11010101010
includes,01011111111
track,10010011100
shall,10101110100
able,00000000011
server,10101101000
right,10100001011
soon,10111000000
compute,00111110100
available,00011101000
sets,10101111101
evolving,01101001000
data,00101100011
standards,10111010001
conditions,00111010001
warning,10001001000
content,00111000000
rolebased,10100011011
system,10110010001
frames,01110101011
short,10101110011
maintains,11000011011
little,01000001110
finished,01111111111
user,10011110010
see,10100100101
first,01111111001
https,01010111000
core,00101001001
taking,10110011111
user,10011110010
mc,11000111011
number,11011010011
principles,11111101010
proposed,11111001110
evidence,01101011011
minimum,11001111010
data,00101100011
includes,01011111111
ability,00000000001
indicating,01011010000
nonhalal,11011011011
interfaces,01001011000
infer,01011010100
behaviour,00010101101
use,10011110101
changes,00110011110
access,00000001101
resends,11100011110
correction,00101001000
requires,11100010100
administrators,00001100001
use,10011110101
customizing,00101101100
accepting,00000001100
essys,01101010101
items,01001101000
crashed,00101110011
price,11111101111
backend,00011100100
needs,11011000001
specification,10111001111
verify,10011000100
users,10011010111
blocked,00010101000
accumulate,00000011101
mockup,11001111100
meeting,11000100100
multiple,11001011011
archiving,00011000111
interface,01001001000
automating,00011111011
version,10011000101
errors,01101010010
content,00111000000
shall,10101110100
provided,11111000010
button,00010011111
different,00100000111
standard,10111010010
cutting,00101100101
one,11011101000
iso,01001111111
available,00011101000
include,01011111010
paths,11010011001
time,10010001101
operation,11011100110
data,00101100011
users,10011010111
monitor,11001010000
computer,00111110101
device,00100001101
source,10111000011
task,10110011011
zero,10001100111
pages,11010110111
see,10100100101
level,01000010001
layout,01000111011
navigation,11001000110
without,10001111010
access,00000001101
book,00010111001
navigation,11001000110
found,01110101101
constraints,00111001100
access,00000001101
color,00110101010
error,01101010011
evla,01101011000
essys,01101010101
data,00101100011
handling,01010001011
modified,11001110110
interface,01001001000
android,00001011110
housingu,01010111111
component,00111111010
etc,01101010100
input,01011001111
price,11111101111
send,10101100101
needed,11011000000
important,01011101001
steps,10111111011
user,10011110010
chat,00110010111
accessibility,00000001110
based,00010100000
people,11010001111
system,10110010001
citizen,00110110010
processor,11111110000
also,00001110001
budget,00010010110
enter,01101111101
made,11000001110
must,11001011000
provide,11111000110
stream,10111100101
image,01011100000
requirement,11100010111
housingu,01010111111
done,01100010110
must,11001011000
user,10011110010
cctns,00110001011
access,00000001101
periodically,11110000000
basic,00010100011
provided,11111000010
number,11011010011
code,00110111001
webrtc,10001011100
hides,01010010101
error,01101010011
user,10011110010
intended,01001000010
filter,01111110010
cases,00110000111
embedded,01101100010
within,10001111101
opened,11011101110
data,00101100011
use,10011110101
security,10100100100
barcode,00011100000
queries,11101001100
employ,01101100110
ldap,01000111010
data,00101100011
meetings,11000100101
item,01001111000
housingu,01010111111
errors,01101010010
members,11000100110
errors,01101010010
report,11100110111
realtime,11101010001
taking,10110011111
organizing,11010100101
user,10011110010
sent,10101101111
contain,00111000010
provided,11111000010
system,10110010001
able,00000000011
page,11010110101
usernamepassword,10011010110
shall,10101110100
processed,11111110010
behaviour,00010101101
matters,11000111111
case,00110000110
possible,11110111111
software,10101000011
site,10101001001
certificate,00110001000
count,00101010111
goal,01110001110
especially,01101010110
requirement,11100010111
requirements,11100010101
behavior,00010101100
receive,11101110100
must,11001011000
user,10011110010
data,00101100011
providing,11111000001
shall,10101110100
mentioned,11000100001
software,10101000011
quantization,11101000101
encounter,01101101110
change,00110011011
application,00001000100
behind,00010101111
produce,11111010001
package,11010111100
administrator,00001100000
interfaces,01001011000
shall,10101110100
page,11010110101
check,00110010110
providing,11111000001
perform,11010000111
retrieve,10100000110
includes,01011111111
content,00111000000
details,00100011001
making,11000011101
use,10011110101
search,10100111011
popup,11110110110
module,11001110011
trail,10010010111
done,01100010110
medium,11000101101
case,00110000110
whereabouts,10001010000
rti,10100011111
downscale,01100010011
application,00001000100
versions,10011000111
units,10011100111
filter,01111110010
navigation,11001000110
shows,10101010011
requirements,11100010101
priority,11111111010
software,10101000011
engineering,01101111011
standard,10111010010
sure,10110110111
user,10011110010
schemes,10100110101
use,10011110101
connection,00111011111
experience,01111000001
stream,10111100101
add,00000101001
software,10101000011
stored,10111101111
school,10100110100
external,01111001111
must,11001011000
parameter,11010110001
userfriendly,10011010001
admin,00000100001
use,10011110101
existence,01101000110
destination,00100011110
text,10110000001
integral,01011000001
able,00000000011
adminusers,00001100010
ee,01100101010
member,11000100111
customer,00101101001
online,11011101001
books,00010111010
attributes,00011010000
feature,01111010100
related,11100100111
level,01000010001
colour,00110101111
stream,10111100101
applied,00001000111
google,01110000100
back,00011101100
computer,00111110101
data,00101100011
access,00000001101
requirement,11100010111
software,10101000011
interface,01001001000
proportions,11111001010
unresponsive,10011101010
home,01010110000
google,01110000100
planned,11110010101
configuration,00111010010
error,01101010011
link,01000011010
specifications,10111001110
assure,00011010100
generated,01110011110
interfaces,01001011000
data,00101100011
feedback,01111010111
system,10110010001
include,01011111010
multimedia,11001011110
participants,11010010110
ice,01010101001
tasks,10110011001
providing,11111000001
user,10011110010
distance,01100001010
case,00110000110
assumption,00011011100
facilitates,01111001011
important,01011101001
metadata,11001100111
upon,10011111110
using,10011011100
interface,01001001000
mode,11001110100
interface,01001001000
independence,01011110010
system,10110010001
unique,10011100001
unix,10011101100
implemented,01011101111
must,11001011000
report,11100110111
technology,10110001101
page,11010110101
resolution,11100011000
shall,10101110100
back,00011101100
user,10011110010
components,00111111110
home,01010110000
successful,10110101111
error,01101010011
recommended,11101111000
database,00101100001
plays,11110010011
undesired,10010100001
safety,10100010010
product,11111010010
flags,01111101010
minimum,11001111010
adequate,00000100111
talk,10110011110
activities,00000111100
packets,11010110100
account,00000011010
error,01101010011
hosts,01010110101
reference,11101100110
specific,10111001100
constraining,00111001111
providing,11111000001
requirements,11100010101
uc,10010111000
handle,01010001110
identify,01010100111
done,01100010110
privacy,11111111110
varying,10011001101
use,10011110101
creating,00101110100
headings,01010011011
http,01010111001
guidance,01010000110
form,01111100000
elements,01100100000
aspects,00011001001
user,10011110010
affecting,00001101111
different,00100000111
register,11100100000
ee,01100101010
dealing,00100100111
data,00101100011
io,01001110111
interfaces,01001011000
without,10001111010
meeting,11000100100
officers,11011111010
potential,11110101001
access,00000001101
attempted,00011010110
could,00101010101
neither,11011000110
provided,11111000010
anything,00001011000
identifier,01010100101
features,01111010101
message,11001100001
systems,10110010010
minimum,11001111010
system,10110010001
maintain,11000001001
remedy,11100101110
spectra,10111001001
noise,11011001110
select,10100100010
posting,11110111000
storage,10111101010
fireb,01111111110
sessions,10101111110
agents,00001101001
auxiliary,00011111001
enough,01101111110
data,00101100011
product,11111010010
involved,01001110010
exchanged,01101001100
attributes,00011010000
system,10110010001
produced,11111010011
provide,11111000110
repeatable,11100111001
interface,01001001000
shall,10101110100
install,01011000101
similar,10101011101
documents,01100010100
needed,11011000000
quality,11101000111
provided,11111000010
page,11010110101
enable,01101100100
expectations,01101000000
effectiveness,01100101101
cancelled,00010001111
diagram,00100000100
user,10011110010
new,11011001100
internal,01001011011
queue,11101001111
proposed,11111001110
stored,10111101111
search,10100111011
title,10010001110
report,11100110111
easy,01100111001
requests,11100010011
latest,01000111001
case,00110000110
call,00010011000
stamp,10111010110
user,10011110010
could,00101010101
system,10110010001
stopped,10111101011
browser,00010010011
attempts,00011010010
requirements,11100010101
different,00100000111
click,00110110100
designed,00100010101
whether,10001110001
planning,11110010111
activating,00000110111
careful,00110000001
tasks,10110011001
minimal,11001101001
king,01000100000
customer,00101101001
stringent,10111100000
frames,01110101011
able,00000000011
transfer,10010010011
color,00110101010
system,10110010001
module,11001110011
part,11010010001
customer,00101101001
private,11111111111
operational,11011100010
case,00110000110
able,00000000011
view,10011000001
within,10001111101
performance,11010000110
communication,00111100001
categories,00110001101
new,11011001100
therefore,10010000110
observational,11011110000
rate,11101011000
budget,00010010110
frames,01110101011
numbers,11011010001
supported,10110111100
overall,11010101001
authorized,00011110100
frequency,01110111010
issuedreturned,01001111011
data,00101100011
system,10110010001
designing,00100010100
computational,00111111100
states,10111110100
captchabased,00010000010
ability,00000000001
time,10010001101
user,10011110010
happen,01010001000
either,01100100011
conduit,00111010011
latest,01000111001
destination,00100011110
aips,00001111001
domain,01100010111
loss,11000000111
privileges,11111111101
processing,11111110001
assure,00011010100
assume,00011011111
whatever,10001010010
events,01101011110
control,00101000111
compatible,00111101101
spelling,10111011011
technologies,10110001111
layout,01000111011
disconnect,01100000010
update,10011111000
product,11111010010
context,00101000001
channel,00110011101
monitor,11001010000
interface,01001001000
additional,00000101111
either,01100100011
channel,00110011101
supply,10110111111
book,00010111001
spectral,10111001000
error,01101010011
technical,10110001011
designed,00100010101
alternate,00001010000
system,10110010001
link,01000011010
search,10100111011
text,10110000001
peers,11010001011
hardware,01010011000
browser,00010010011
system,10110010001
university,10011100100
customer,00101101001
use,10011110101
integrity,01001000001
search,10100111011
shall,10101110100
click,00110110100
peak,11010001000
shall,10101110100
skimming,10101001101
calls,00010001000
certain,00110001001
must,11001011000
current,00101111000
fill,01111110001
according,00000011001
user,10011110010
halal,01010001100
nonfunctioning,11011011001
requirements,11100010101
date,00100100001
module,11001110011
enable,01101100100
without,10001111010
defunct,00100101001
top,10010011110
current,00101111000
short,10101110011
previous,11111101101
profiles,11111011100
around,00011001111
authenticate,00011110011
time,10010001101
choose,00110010001
ingredients,01011011011
login,01000000001
correlator,00101011111
click,00110110100
fully,01110110001
disk,01100000101
placing,11110011111
input,01011001111
shall,10101110100
receipt,11101110101
error,01101010011
qualitative,11101000110
allowing,00001110110
designed,00100010101
enough,01101111110
profiles,11111011100
user,10011110010
choose,00110010001
functions,01110010111
none,11011001011
request,11100010000
place,11110011011
whether,10001110001
application,00001000100
require,11100010010
shows,10101010011
appropriate,00001000001
book,00010111001
gram,01110000111
camera,00010001001
sudden,10110101010
tasks,10110011001
database,00101100001
operations,11011100011
users,10011010111
printed,11111101001
inthen,01001010110
date,00100100001
messages,11001100010
buttons,00010011110
intuitive,01001010011
different,00100000111
screen,10100111100
consistent,00111001001
condition,00111010000
upload,10011111010
computer,00111110101
defect,00100101101
serverside,10101111001
knowledge,01000100011
information,01011011111
input,01011001111
processor,11111110000
able,00000000011
read,11101011100
generic,01110011010
links,01000011001
use,10011110101
data,00101100011
app,00001001011
apply,00001000110
signal,10101010100
later,01000111000
recognition,11101111010
system,10110010001
ajax,00001111011
also,00001110001
inferred,01011011100
w,10001001111
product,11111010010
scan,10100110010
gives,01110001011
location,01000000100
changed,00110011010
feature,01111010100
processors,11111010000
content,00111000000
important,01011101001
system,10110010001
noise,11011001110
user,10011110010
seconds,10100101011
users,10011010111
results,10100000000
searchfilter,10100111000
shall,10101110100
assume,00011011111
started,10111110011
lag,01000100100
scrolling,10100111111
peers,11010001011
temporary,10110000101
none,11011001011
tasks,10110011001
rapid,11101001000
handle,01010001110
could,00101010101
changes,00110011110
interfaces,01001011000
affect,00001101101
amount,00001010101
https,01010111000
devices,00100001100
industry,01011010111
creating,00101110100
pids,11110001011
encryption,01101101001
must,11001011000
approaches,00001000011
interaction,01001000101
processing,11111110001
page,11010110101
entities,01101110111
aips,00001111001
database,00101100001
limited,01000011111
unit,10011100010
terminology,10110000111
hardware,01010011000
online,11011101001
office,11011111110
little,01000001110
scenarios,10100110110
impede,01011100111
interacts,01001001100
accumulate,00000011101
category,00110001111
stored,10111101111
customer,00101101001
hardware,01010011000
go,01110001010
ways,10001011010
framework,01110101000
cases,00110000111
panel,11010110110
users,10011010111
provide,11111000110
pipeline,11110011001
crashes,00101110010
successful,10110101111
platform,11110010110
view,10011000001
user,10011110010
proper,11111011000
constraints,00111001100
making,11000011101
priority,11111111010
paper,11010110010
search,10100111011
abstracts,00000000111
page,11010110101
price,11111101111
system,10110010001
shall,10101110100
amount,00001010101
password,11010011110
poweroftwo,11110101110
using,10011011100
peer,11010001001
interface,01001001000
information,01011011111
app,00001001011
viewing,10001000001
feel,01111010110
delivery,00100111111
user,10011110010
simultaneously,10101011001
domain,01100010111
example,01101001010
frequentlyused,01110111101
keep,01001100101
enhancement,01101111010
shall,10101110100
reports,11100110011
contexts,00101000011
equivalent,01101010000
restrictions,11100000001
handling,01010001011
size,10101001110
use,10011110101
going,01110001101
transform,10010010000
rates,11101011001
month,11001010010
surety,10110110110
storing,10111101101
list,01000011000
control,00101000111
remove,11100101011
typically,10010111001
shall,10101110100
able,00000000011
user,10011110010
system,10110010001
internal,01001011011
verify,10011000100
broadcaster,00010110011
user,10011110010
audit,00011110000
access,00000001101
reading,11101010110
fourier,01110101111
enforce,01101111000
error,01101010011
content,00111000000
lag,01000100100
able,00000000011
unalterable,10010101010
android,00001011110
data,00101100011
user,10011110010
sufficient,10110101011
preferably,11110100001
perform,11010000111
products,11111010111
view,10011000001
trail,10010010111
time,10010001101
failure,01111011011
follow,01111100100
dates,00100100010
attempt,00011010111
focuses,01111101100
page,11010110101
user,10011110010
actions,00000110010
users,10011010111
dependencies,00100110111
medium,11000101101
ensure,01101111111
framesets,01110101001
state,10111110110
organised,11010100111
number,11011010011
freeway,01110111001
take,10110011100
navigation,11001000110
diagram,00100000100
spectral,10111001000
quick,11101001110
login,01000000001
defined,00100101010
system,10110010001
pages,11010110111
andor,00001011111
priority,11111111010
io,01001110111
system,10110010001
acted,00000110001
addresses,00000100101
enter,01101111101
obtained,11011110010
process,11111110110
clearly,00110110101
accessible,00000001010
hardware,01010011000
among,00001010111
scan,10100110010
userconfigurable,10011110001
ppcast,11110101111
follow,01111100100
includes,01011111111
system,10110010001
searching,10100101000
standard,10111010010
report,11100110111
categorywise,00110001110
contain,00111000010
text,10110000001
want,10001001010
automatically,00011111010
parts,11010011100
software,10101000011
use,10011110101
interactions,01001000100
way,10001011011
verify,10011000100
title,10010001110
product,11111010010
processes,11111110011
windowing,10001110111
action,00000110011
user,10011110010
large,01000101011
later,01000111000
using,10011011100
window,10001110110
police,11110110001
interfaces,01001011000
service,10101111011
act,00000110000
shall,10101110100
accommodate,00000001011
present,11111100010
piped,11110011000
safety,10100010010
tasks,10110011001
javascript,01001101010
need,11001000000
solution,10101000000
personnel,11110001100
exceed,01101001110
means,11000101000
user,10011110010
encompasses,01101101111
functional,01110010000
data,00101100011
police,11110110001
data,00101100011
use,10011110101
presentations,11111100111
pipeline,11110011001
location,01000000100
specifically,10111001101
transfer,10010010011
execute,01101000101
page,11010110101
yet,10001100101
number,11011010011
spent,10111011010
rule,10100011101
periods,11110000001
mobile,11001111101
referencing,11101100010
locations,01000000101
interface,01001001000
changed,00110011010
performing,11010000011
media,11000101110
constraints,00111001100
ase,00011001010
months,11001010111
problems,11111110100
user,10011110010
certain,00110001001
operating,11011100111
users,10011010111
requirements,11100010101
system,10110010001
barcode,00011100000
enhancement,01101111010
condition,00111010000
meeting,11000100100
infrequently,01011011110
password,11010011110
input,01011001111
go,01110001010
textual,10010000001
intelligently,01001000011
menus,11001100000
location,01000000100
viewer,10011000000
provided,11111000010
data,00101100011
mobile,11001111101
unauthorised,10010101110
must,11001011000
newer,11011001101
guidance,01010000110
structure,10110100000
system,10110010001
include,01011111010
function,01110110000
customer,00101101001
conditions,00111010001
providing,11111000001
tribes,10010110010
aspects,00011001001
branch,00010110111
clientserver,00110111101
application,00001000100
characteristics,00110010100
enabling,01101101100
specialist,10111000100
fonts,01111100110
devices,00100001100
without,10001111010
application,00001000100
offers,11011111111
used,10011110111
user,10011110010
provide,11111000110
want,10001001010
prices,11111101110
appear,00001001010
allow,00001110101
coarse,00110111011
help,01010011010
recognize,11101111011
trail,10010010111
user,10011110010
terminology,10110000111
user,10011110010
system,10110010001
redepartment,11101100101
product,11111010010
guarantee,01010000011
educate,01100101011
store,10111101110
duplicate,01100110101
user,10011110010
shall,10101110100
backup,00011100111
assist,00011011010
levels,01000010011
content,00111000000
multiple,11001011011
unauthorized,10010101111
within,10001111101
meeting,11000100100
order,11010100010
correlator,00101011111
start,10111110001
space,10111000010
text,10110000001
users,10011010111
categories,00110001101
amount,00001010101
processing,11111110001
horizontal,01010110111
ppcast,11110101111
change,00110011011
system,10110010001
ee,01100101010
skimming,10101001101
criminalaccused,00101111101
must,11001011000
environments,01101110001
html,01010111011
needs,11011000001
interface,01001001000
side,10101010101
capacity,00010000111
home,01010110000
trail,10010010111
live,01000001111
via,10011000010
alternative,00001010001
apply,00001000110
guidance,01010000110
content,00111000000
members,11000100110
cannot,00010001101
space,10111000010
provides,11111000011
view,10011000001
log,01000000111
ensure,01101111111
smaller,10101000111
feature,01111010100
link,01000011010
navigation,11001000110
communicate,00110100000
never,11011000100
links,01000011001
ready,11101010010
back,00011101100
web,10001011111
recovery,11101101100
component,00111111010
date,00100100001
network,11011000111
descriptions,00100010011
hardware,01010011000
verify,10011000100
would,10001101110
firebase,01111111010
system,10110010001
relevant,11100100100
disaster,01100000001
system,10110010001
pages,11010110111
impede,01011100111
supporting,10110110100
network,11011000111
sequence,10101101010
give,01110001000
cases,00110000111
role,10100011001
cases,00110000111
functional,01110010000
error,01101010011
ui,10010101001
display,01100001100
application,00001000100
processor,11111110000
map,11000110110
lag,01000100100
coding,00110101000
delete,00100111001
development,00100001111
acknowledgements,00000010001
proper,11111011000
external,01111001111
standard,10111010010
customizable,00101101111
selected,10100100001
software,10101000011
frame,01110101110
repeatable,11100111001
system,10110010001
understood,10010100011
options,11010100011
product,11111010010
citizens,00110110110
channel,00110011101
track,10010011100
assigned,00011011001
template,10110000100
ppcast,11110101111
able,00000000011
able,00000000011
police,11110110001
able,00000000011
time,10010001101
write,10001101111
pillai,11110001000
profiles,11111011100
delete,00100111001
used,10011110111
hardware,01010011000
time,10010001101
memory,11000100010
associated,00011011110
housingu,01010111111
sets,10101111101
interfaces,01001011000
opening,11011101111
content,00111000000
searching,10100101000
requirements,11100010101
module,11001110011
process,11111110110
backend,00011100100
sit,10101001000
peers,11010001011
alternative,00001010001
user,10011110010
except,01101001111
face,01111001010
expected,01111000000
recognize,11101111011
interaction,01001000101
testing,10110000011
case,00110000110
system,10110010001
serial,10101101011
information,01011011111
shall,10101110100
user,10011110010
unusual,10011101001
based,00010100000
value,10011001001
want,10001001010
invalid,01001010001
frequency,01110111010
different,00100000111
information,01011011111
techniques,10110001110
server,10101101000
national,11001001100
interface,01001001000
feature,01111010100
view,10011000001
able,00000000011
take,10110011100
information,01011011111
functions,01110010111
style,10110100111
privacy,11111111110
control,00101000111
catastrophes,00110000100
search,10100111011
would,10001101110
users,10011010111
referencing,11101100010
search,10100111011
submitted,10110100100
user,10011110010
module,11001110011
easy,01100111001
maps,11000110111
system,10110010001
page,11010110101
module,11001110011
compare,00111100110
detailed,00100011010
librarians,01000010110
suspects,10110110011
user,10011110010
work,10001101000
manipulation,11000010001
log,01000000111
impose,01011101000
interfaces,01001011000
robust,10100001000
links,01000011001
management,11000010010
different,00100000111
management,11000010010
content,00111000000
displays,01100001111
blocks,00010111000
correlator,00101011111
rules,10100011100
create,00101110110
target,10110011010
interfaces,01001011000
address,00000100100
entities,01101110111
data,00101100011
specification,10111001111
connectivity,00111011010
within,10001111101
metro,11001101100
one,11011101000
framework,01110101000
access,00000001101
hardware,01010011000
retrieve,10100000110
overview,11010111010
communication,00111100001
due,01100110111
expected,01111000000
use,10011110101
implements,01011101110
use,10011110101
would,10001101110
messages,11001100010
receive,11101110100
take,10110011100
session,10101111010
groups,01010000001
ppcast,11110101111
presence,11111100011
unrestricted,10011101011
meeting,11000100100
report,11100110111
needs,11011000001
including,01011111101
verify,10011000100
accessible,00000001010
data,00101100011
police,11110110001
data,00101100011
reports,11100110011
direct,00100000001
users,10011010111
framework,01110101000
communication,00111100001
correlator,00101011111
peers,11010001011
backend,00011100100
understand,10010100110
want,10001001010
constraints,00111001100
without,10001111010
data,00101100011
user,10011110010
features,01111010101
audit,00011110000
failure,01111011011
long,11000000001
present,11111100010
translatable,10010110000
user,10011110010
desktop,00100011101
apple,00001001101
investigation,01001110000
dollars,01100010101
users,10011010111
numbers,11011010001
information,01011011111
backup,00011100111
profiles,11111011100
desktop,00100011101
slower,10101000100
possible,11110111111
administrators,00001100001
barcode,00011100000
administrators,00001100001
upon,10011111110
auditors,00011110001
identifier,01010100101
changes,00110011110
recovery,11101101100
certain,00110001001
tolerances,10010011000
addresses,00000100101
data,00101100011
indicating,01011010000
navigation,11001000110
view,10011000001
enforced,01101111001
comparisons,00111100100
used,10011110111
overall,11010101001
integrated,01011000000
placed,11110011010
representing,11100110001
want,10001001010
post,11110111010
video,10011000011
windowing,10001110111
minimum,11001111010
responsibilities,11100000101
create,00101110110
windows,10001110101
adaptability,00000111011
processing,11111110001
archive,00011000110
alternate,00001010000
filter,01111110010
sets,10101111101
operates,11011100101
distributed,01100011011
leading,01000111111
shows,10101010011
conflict,00111010101
registration,11100100011
counts,00101010010
unavailable,10010101101
navigation,11001000110
needs,11011000001
disastrous,01100000011
text,10110000001
varying,10011001101
interface,01001001000
search,10100111011
search,10100111011
fails,01111011001
tracker,10010010100
table,10110010110
ingredients,01011011011
specific,10111001100
using,10011011100
frequency,01110111010
system,10110010001
users,10011010111
system,10110010001
landk,01000101101
design,00100010110
lower,11000001101
important,01011101001
external,01111001111
shall,10101110100
individualization,01011010010
use,10011110101
meeting,11000100100
designated,00100010111
identifier,01010100101
system,10110010001
stored,10111101111
text,10110000001
approve,00011000000
price,11111101111
purposes,11101000010
actions,00000110010
code,00110111001
capture,00010000011
times,10010001111
transfer,10010010011
must,11001011000
address,00000100100
attend,00011010011
traffic,10010010101
able,00000000011
user,10011110010
least,01000111100
listing,01000001001
except,01101001111
system,10110010001
allows,00001110010
time,10010001101
modules,11001110001
different,00100000111
spam,10111000110
one,11011101000
access,00000001101
applicable,00001001100
makes,11000011111
delivery,00100111111
mediastream,11000101111
new,11011001100
system,10110010001
must,11001011000
recommended,11101111000
broadcast,00010110010
passwords,11010011010
interface,01001001000
focused,01111101101
catch,00110001100
add,00000101001
system,10110010001
network,11011000111
shall,10101110100
robust,10100001000
answers,00001011011
google,01110000100
individual,01011010011
exclusion,01101000100
evident,01101011001
frames,01110101011
chooses,00110010000
receives,11101111101
lengths,01000110001
visible,10001000111
possible,11110111111
tolerance,10010001000
relate,11100100110
domain,01100010111
spam,10111000110
high,01010010110
streams,10111100110
easing,01100111011
content,00111000000
data,00101100011
record,11101101011
configuration,00111010010
ppcast,11110101111
computers,00111110111
shown,10101010001
time,10010001101
ingredients,01011011011
learn,01000111101
entries,01101110010
thus,10010001100
efficiencies,01100100100
making,11000011101
reusable,10100001101
approach,00001000010
cases,00110000111
meeting,11000100100
violations,10001000010
tools,10010011011
synchronization,10110110000
userfriendliness,10011010000
invalid,01001010001
user,10011110010
parts,11010011100
assumption,00011011100
budget,00010010110
report,11100110111
state,10111110110
private,11111111111
types,10010111010
portability,11110110111
provided,11111000010
performs,11010000001
screens,10100111101
partial,11010010011
geographical,01110011011
today,10010001011
consistently,00111001011
windows,10001110101
able,00000000011
metadata,11001100111
http,01010111001
course,00101010011
fourier,01110101111
advanced,00001100101
change,00110011011
saving,10100110001
media,11000101110
capable,00010000101
view,10011000001
saved,10100110000
meeting,11000100100
roles,10100011010
shall,10101110100
find,01111110100
pages,11010110111
data,00101100011
take,10110011100
independence,01011110010
develop,00100001110
time,10010001101
case,00110000110
user,10011110010
easy,01100111001
pages,11010110111
diagram,00100000100
lending,01000110010
interfacing,01001011001
shall,10101110100
cases,00110000111
shows,10101010011
property,11111001011
number,11011010011
lost,11000000101
system,10110010001
response,11100001100
provided,11111000010
quality,11101000111
navigation,11001000110
tackle,10110010100
accommodated,00000001001
name,11001001011
skimming,10101001101
halal,01010001100
shall,10101110100
similar,10101011101
conditions,00111010001
client,00110111100
product,11111010010
customer,00101101001
requirement,11100010111
connection,00111011111
prosecution,11111001101
provision,11111000000
internals,01001011110
security,10100100100
domain,01100010111
links,01000011001
important,01011101001
connection,00111011111
modules,11001110001
deployment,00100110110
consulted,00111000111
replica,11100111101
displayed,01100001101
system,10110010001
failure,01111011011
warning,10001001000
types,10010111010
operate,11011100100
data,00101100011
address,00000100100
peertopeer,11010001010
active,00000110100
offers,11011111111
opposed,11011100001
report,11100110111
user,10011110010
quality,11101000111
user,10011110010
defines,00100101011
components,00111111110
date,00100100001
condition,00111010000
among,00001010111
application,00001000100
familiarity,01111011111
style,10110100111
shall,10101110100
users,10011010111
maintainability,11000001000
includes,01011111111
looking,11000000110
software,10101000011
halal,01010001100
implementations,01011101101
helps,01010011101
communication,00111100001
tcpip,10110001001
information,01011011111
access,00000001101
communicated,00111100000
customer,00101101001
task,10110011011
links,01000011001
tool,10010011001
reached,11101011111
able,00000000011
users,10011010111
search,10100111011
ldap,01000111010
edit,01100101000
links,01000011001
operations,11011100011
look,11000000010
trigger,10010110110
maintaining,11000011001
computer,00111110101
used,10011110111
understand,10010100110
issues,01001111001
reported,11100110110
still,10111111001
able,00000000011
frequentlyexecuted,01110111111
security,10100100100
page,11010110101
statement,10111110101
way,10001011011
view,10011000001
dynamic,01100111101
course,00101010011
locations,01000000101
identify,01010100111
request,11100010000
feature,01111010100
components,00111111110
pages,11010110111
recognize,11101111011
shall,10101110100
user,10011110010
watch,10001011001
actor,00000111111
interfacing,01001011001
equipped,01101110000
persistent,11110000110
different,00100000111
feature,01111010100
user,10011110010
stopped,10111101011
users,10011010111
including,01011111101
including,01011111101
violate,10001000011
language,01000101111
iso,01001111111
provides,11111000011
accessibility,00000001110
handle,01010001110
develop,00100001110
physical,11110001010
data,00101100011
validity,10011011000
shall,10101110100
backend,00011100100
information,01011011111
level,01000010001
within,10001111101
course,00101010011
users,10011010111
single,10101011000
homepages,01010110011
presenting,11111100100
processors,11111010000
userspecified,10011010101
usable,10011110100
logo,01000000000
effectively,01100101111
user,10011110010
amount,00001010101
formatting,01110100010
password,11010011110
must,11001011000
include,01011111010
reports,11100110011
accessed,00000001111
shall,10101110100
nonhalal,11011011011
edit,01100101000
features,01111010101
without,10001111010
preference,11110100000
loss,11000000111
mobile,11001111101
every,01101011010
correctness,00101011010
previous,11111101101
person,11110000111
placing,11110011111
home,01010110000
process,11111110110
response,11100001100
users,10011010111
standard,10111010010
minimized,11001111001
fine,01111111101
impact,01011100010
processing,11111110001
connections,00111011110
monitor,11001010000
safe,10100010111
example,01101001010
able,00000000011
recovery,11101101100
product,11111010010
view,10011000001
requirements,11100010101
consist,00111011000
ui,10010101001
data,00101100011
none,11011001011
opening,11011101111
among,00001010111
must,11001011000
shall,10101110100
wwwusabilitygov,10001101100
internal,01001011011
information,01011011111
user,10011110010
browser,00010010011
laptops,01000101010
making,11000011101
material,11000111100
data,00101100011
ensure,01101111111
general,01110011100
meeting,11000100100
granted,01110000010
prosecution,11111001101
record,11101101011
conction,00111110000
multiple,11001011011
protocol,11111000101
also,00001110001
arate,00011000001
requirements,11100010101
browser,00010010011
stream,10111100101
admin,00000100001
usability,10011111100
server,10101101000
recommending,11101101000
user,10011110010
taken,10110011101
wonder,10001111011
system,10110010001
domain,01100010111
member,11000100111
information,01011011111
want,10001001010
channel,00110011101
macbook,11000001111
viewer,10011000000
output,11010101010
attempts,00011010010
made,11000001110
helping,01010011111
participant,11010010010
layout,01000111011
values,10011001011
white,10001110010
allowing,00001110110
inline,01011001110
indicated,01011110000
broadcasters,00010110001
output,11010101010
sentences,10101101110
length,01000110011
every,01101011010
recoverable,11101101101
must,11001011000
watch,10001011001
client,00110111100
user,10011110010
concentrate,00111110010
access,00000001101
system,10110010001
administrator,00001100000
onscreen,11011101011
handle,01010001110
allows,00001110010
also,00001110001
initiates,01011001001
appropriate,00001000001
order,11010100010
presenting,11111100100
subsystems,10110101101
incidents,01011111011
standard,10111010010
buffer,00010010111
forgot,01111100001
access,00000001101
graphical,01110000011
distancing,01100001001
reliable,11100101101
also,00001110001
shall,10101110100
actions,00000110010
device,00100001101
time,10010001101
opening,11011101111
interfaces,01001011000
frame,01110101110
acceptable,00000000100
service,10101111011
required,11100010110
use,10011110101
post,11110111010
stream,10111100101
needed,11011000000
processing,11111110001
negotiation,11011000010
processor,11111110000
broadcasting,00010110000
customer,00101101001
adaptation,00000111000
individualization,01011010010
system,10110010001
proper,11111011000
modus,11001110000
specification,10111001111
based,00010100000
peers,11010001011
using,10011011100
needed,11011000000
channel,00110011101
presentation,11111100110
product,11111010010
arise,00011001100
productivity,11111010110
disconnections,01100000110
search,10100111011
error,01101010011
using,10011011100
case,00110000110
product,11111010010
hand,01010001111
make,11000011110
navigation,11001000110
users,10011010111
including,01011111101
windowing,10001110111
peer,11010001001
must,11001011000
use,10011110101
cannot,00010001101
location,01000000100
interacting,01001000111
admin,00000100001
begin,00010100100
want,10001001010
halal,01010001100
code,00110111001
operational,11011100010
units,10011100111
also,00001110001
two,10010111111
content,00111000000
cognitively,00110101001
content,00111000000
location,01000000100
adaptation,00000111000
regardless,11101100000
pages,11010110111
search,10100111011
scrolling,10100111111
module,11001110011
highlighted,01010010010
broadcaster,00010110011
images,01011100001
perform,11010000111
prior,11111111001
rebroadcast,11101110110
package,11010111100
ability,00000000001
w,10001001111
secure,10100101111
user,10011110010
frames,01110101011
variety,10011001110
books,00010111010
stands,10111110000
responsive,11100000111
way,10001011011
cpu,00101110001
notes,11011010111
white,10001110010
product,11111010010
users,10011010111
cases,00110000111
equivalent,01101010000
time,10010001101
functionally,01110010010
framework,01110101000
know,01000100001
understand,10010100110
interface,01001001000
show,10101110000
temperatures,10110001100
horizontal,01010110111
items,01001101000
window,10001110110
response,11100001100
text,10110000001
phone,11110001111
violations,10001000010
processor,11111110000
view,10011000001
content,00111000000
application,00001000100
header,01010011001
appropriate,00001000001
links,01000011001
power,11110101010
application,00001000100
created,00101110111
opening,11011101111
user,10011110010
hardware,01010011000
shorter,10101110001
return,10100000101
internal,01001011011
listings,01000001011
necessarily,11001000011
system,10110010001
product,11111010010
station,10111111100
take,10110011100
using,10011011100
detailing,00100011011
take,10110011100
variety,10011001110
screen,10100111100
tolerance,10010001000
furthermore,01110010101
authorised,00011110110
modern,11001110111
also,00001110001
notified,11011010110
meeting,11000100100
data,00101100011
system,10110010001
user,10011110010
change,00110011011
security,10100100100
content,00111000000
traffic,10010010101
user,10011110010
privileges,11111111101
cameras,00010001011
structures,10110100001
system,10110010001
search,10100111011
large,01000101011
attributed,00011010001
showing,10101010000
interface,01001001000
hooks,01010110110
version,10011000101
splash,10111011110
standby,10111010000
system,10110010001
sufficient,10110101011
user,10011110010
adaptable,00000111001
conditions,00111010001
capable,00010000101
track,10010011100
application,00001000100
small,10101000101
user,10011110010
user,10011110010
hijacking,01010010011
content,00111000000
provided,11111000010
use,10011110101
messages,11001100010
personallyidentifiable,11110000100
users,10011010111
comparison,00111100101
series,10101101001
api,00001001001
contextsensitive,00101000010
user,10011110010
admin,00000100001
source,10111000011
consistency,00111001000
user,10011110010
security,10100100100
media,11000101110
user,10011110010
verification,10011001100
ldap,01000111010
information,01011011111
access,00000001101
userdefinable,10011110000
products,11111010111
describes,00100010000
human,01010101000
source,10111000011
initiated,01011001000
rebroadcast,11101110110
police,11110110001
coordinates,00101001010
size,10101001110
parameters,11010110000
database,00101100001
particularly,11010010101
criteria,00101111111
appropriate,00001000001
streaming,10111100111
summation,10110111001
interfaces,01001011000
times,10010001111
flexible,01111101111
hardware,01010011000
filter,01111110010
amount,00001010101
users,10011010111
capable,00010000101
project,11111011011
report,11100110111
content,00111000000
part,11010010001
lot,11000000100
download,01100010010
flagging,01111101011
allowing,00001110110
listings,01000001011
librarian,01000010010
processes,11111110011
users,10011010111
transform,10010010000
part,11010010001
minimal,11001101001
technical,10110001011
ice,01010101001
text,10110000001
rates,11101011001
lot,11000000100
involving,01001110110
returning,10100000100
commonly,00110100001
security,10100100100
several,10101111100
able,00000000011
text,10110000001
processors,11111010000
different,00100000111
handle,01010001110
dtlssrtp,01100110110
conditions,00111010001
distinguishing,01100011000
visualize,10001001100
peers,11010001011
participant,11010010010
buffer,00010010111
expected,01111000000
increased,01011110111
guide,01010000111
system,10110010001
bottlenecked,00010111100
internal,01001011011
provides,11111000011
high,01010010110
business,00010011101
error,01101010011
service,10101111011
solution,10101000000
exceed,01101001110
processed,11111110010
malls,11000011100
mediastream,11000101111
dialogues,00100000101
proceeding,11111110101
property,11111001011
plan,11110010100
pages,11010110111
system,10110010001
user,10011110010
security,10100100100
involving,01001110110
monitoring,11001010011
presentation,11111100110
correspondences,00101011101
derived,00100110011
broadcasters,00010110001
result,11100000000
vanvleck,10011001010
information,01011011111
trap,10010110011
ability,00000000001
expected,01111000000
information,01011011111
impair,01011100110
encrypted,01101101011
corrupted,00101011100
