y_text,y_emb
webrtc,10001011100
campuses,00010001010
designed,00100010101
interact,01001000110
backend,00011100100
simultaneously,10101011001
usability,10011111100
users,10011010111
toolslibraries,10010011010
data,00101100011
management,11000010010
making,11000011101
particular,11010010111
set,10101111111
allow,00001110101
page,11010110101
based,00010100000
adminusers,00001100010
clear,00110110111
counts,00101010010
description,00100010001
install,01011000101
communicate,00110100000
assume,00011011111
nave,11001000101
read,11101011100
configuration,00111010010
reliability,11100101100
post,11110111010
functions,01110010111
seconds,10100101011
listings,01000001011
video,10011000011
compare,00111100110
single,10101011000
provide,11111000110
application,00001000100
name,11001001011
amount,00001010101
add,00000101001
ensure,01101111111
loss,11000000111
general,01110011100
scheme,10100110111
stream,10111100101
protocol,11111000101
friends,01110110101
unit,10011100010
statistics,10111111111
user,10011110010
cases,00110000111
constraints,00111001100
tbd,10110011000
shall,10101110100
output,11010101010
bookking,00010111011
actions,00000110010
keep,01001100101
data,00101100011
description,00100010001
domain,01100010111
hardware,01010011000
responsive,11100000111
application,00001000100
correlator,00101011111
much,11001011111
make,11000011110
role,10100011001
able,00000000011
terms,10110000110
notified,11011010110
listing,01000001001
modify,11001110010
process,11111110110
online,11011101001
able,00000000011
transfer,10010010011
entralized,01101110110
list,01000011000
alternative,00001010001
failure,01111011011
application,00001000100
interactions,01001000100
basic,00010100011
overview,11010111010
privacy,11111111110
guarantee,01010000011
tracker,10010010100
turn,10010110100
none,11011001011
intelligently,01001000011
content,00111000000
basis,00010100010
customer,00101101001
api,00001001001
requirements,11100010101
member,11000100111
designed,00100010101
mobile,11001111101
either,01100100011
distances,01100001011
searching,10100101000
user,10011110010
shown,10101010001
gives,01110001011
frames,01110101011
good,01110001100
google,01110000100
spectra,10111001001
deduct,00100100100
special,10111000101
recommendations,11101111001
summation,10110111001
constraint,00111001101
realtime,11101010001
list,01000011000
upload,10011111010
product,11111010010
queue,11101001111
type,10010111110
resolution,11100011000
case,00110000110
want,10001001010
position,11110110100
reached,11101011111
measurement,11000101001
corrections,00101011000
system,10110010001
input,01011001111
output,11010101010
design,00100010110
delivery,00100111111
filter,01111110010
mockup,11001111100
database,00101100001
whether,10001110001
input,01011001111
important,01011101001
contact,00111000110
andor,00001011111
button,00010011111
members,11000100110
records,11101101110
data,00101100011
impede,01011100111
show,10101110000
points,11110110000
idea,01010101110
title,10010001110
application,00001000100
restrictions,11100000001
shall,10101110100
get,01110011001
implications,01011101010
media,11000101110
course,00101010011
enhancement,01101111010
backend,00011100100
effort,01100100110
user,10011110010
server,10101101000
research,11100011111
suitable,10110101001
baseline,00010100001
able,00000000011
redistribute,11101100111
crashed,00101110011
provide,11111000110
requirements,11100010101
correspondences,00101011101
rather,11101011011
must,11001011000
product,11111010010
underlines,10010100111
hardware,01010011000
source,10111000011
system,10110010001
lag,01000100100
application,00001000100
within,10001111101
follow,01111100100
must,11001011000
crashes,00101110010
resends,11100011110
crime,00101111100
convenience,00101001100
system,10110010001
used,10011110111
searching,10100101000
would,10001101110
professional,11111010101
module,11001110011
robust,10100001000
see,10100100101
needed,11011000000
sessions,10101111110
server,10101101000
send,10101100101
condition,00111010000
shall,10101110100
meaningful,11000111000
police,11110110001
resource,11100001011
respect,11100001110
inside,01011001100
based,00010100000
peers,11010001011
material,11000111100
meeting,11000100100
colour,00110101111
diagram,00100000100
function,01110110000
upon,10011111110
answers,00001011011
system,10110010001
page,11010110101
hisher,01010010001
receipt,11101110101
fireb,01111111110
storage,10111101010
difficulties,00100000011
buffer,00010010111
strict,10111100010
components,00111111110
table,10110010110
form,01111100000
basic,00010100011
duration,01100111100
task,10110011011
interface,01001001000
bar,00011100011
memory,11000100010
behavior,00010101100
using,10011011100
alert,00001111010
values,10011001011
image,01011100000
must,11001011000
intact,01011000011
option,11011100000
intended,01001000010
translatable,10010110000
rfi,10100001010
react,11101011101
values,10011001011
frames,01110101011
superket,10110111010
made,11000001110
attacks,00011010101
periodically,11110000000
device,00100001101
email,01101100001
appearance,00001001110
user,10011110010
different,00100000111
administrators,00001100001
want,10001001010
also,00001110001
track,10010011100
encounter,01101101110
research,11100011111
domain,01100010111
data,00101100011
message,11001100001
audit,00011110000
replacement,11100111110
perception,11010000101
consistent,00111001001
formatted,01110100011
errors,01101010010
find,01111110100
html,01010111011
answers,00001011011
handle,01010001110
infinities,01011011101
replication,11100111100
studies,10110100010
medium,11000101101
able,00000000011
channels,00110011100
providing,11111000001
facilitates,01111001011
distance,01100001010
location,01000000100
police,11110110001
system,10110010001
visually,10001001101
among,00001010111
recover,11101101111
access,00000001101
live,01000001111
priority,11111111010
input,01011001111
time,10010001101
user,10011110010
attempt,00011010111
interface,01001001000
technologies,10110001111
carried,00110000011
desktop,00100011101
audit,00011110000
ajax,00001111011
eg,01100100010
view,10011000001
tofrom,10010001001
today,10010001011
user,10011110010
consistent,00111001001
use,10011110101
check,00110010110
long,11000000001
easy,01100111001
located,01000001100
descriptions,00100010011
connection,00111011111
tool,10010011001
violations,10001000010
equipped,01101110000
structures,10110100001
password,11010011110
module,11001110011
distinguishable,01100001000
webcam,10001011101
allowed,00001110111
zero,10001100111
comparisons,00111100100
shall,10101110100
want,10001001010
mozilla,11001011101
proposed,11111001110
minimal,11001101001
traffic,10010010101
layout,01000111011
common,00110100011
calls,00010001000
information,01011011111
trail,10010010111
link,01000011010
system,10110010001
selectable,10100100011
placing,11110011111
pages,11010110111
platform,11110010110
webrtc,10001011100
content,00111000000
specification,10111001111
location,01000000100
level,01000010001
encryption,01101101001
impede,01011100111
minimized,11001111001
page,11010110101
second,10100101001
register,11100100000
indicate,01011110001
minimum,11001111010
alternatives,00001010010
manipulation,11000010001
familiar,01111011110
entry,01101110011
destination,00100011110
consideration,00111011011
events,01101011110
hours,01010110100
go,01110001010
office,11011111110
values,10011001011
module,11001110011
spectral,10111001000
secured,10100101101
peers,11010001011
wise,10001110100
system,10110010001
go,01110001010
backup,00011100111
directly,00100000000
able,00000000011
input,01011001111
special,10111000101
stream,10111100101
purpose,11101000011
flags,01111101010
theft,10010000011
maintained,11000011000
users,10011010111
mechanism,11000101011
versions,10011000111
typically,10010111001
content,00111000000
impede,01011100111
new,11011001100
content,00111000000
request,11100010000
books,00010111010
participants,11010010110
tolerance,10010001000
code,00110111001
using,10011011100
hosts,01010110101
system,10110010001
system,10110010001
necessarily,11001000011
call,00010011000
terminology,10110000111
stre,10111100100
exceed,01101001110
rules,10100011100
update,10011111000
cannot,00010001101
system,10110010001
application,00001000100
none,11011001011
constraints,00111001100
case,00110000110
system,10110010001
data,00101100011
geographical,01110011011
measurement,11000101001
shall,10101110100
click,00110110100
steps,10111111011
rebroadcast,11101110110
types,10010111010
system,10110010001
account,00000011010
buffer,00010010111
usable,10011110100
firebase,01111111010
needed,11011000000
security,10100100100
iso,01001111111
compiles,00111101111
rolebased,10100011011
different,00100000111
must,11001011000
access,00000001101
immediately,01011100011
rease,11101110000
link,01000011010
questions,11101001101
ingredients,01011011011
site,10101001001
accessible,00000001010
correlator,00101011111
take,10110011100
counterpart,00101010110
page,11010110101
pages,11010110111
within,10001111101
output,11010101010
downtime,01100010001
links,01000011001
take,10110011100
meeting,11000100100
provides,11111000011
information,01011011111
apply,00001000110
set,10101111111
state,10111110110
text,10110000001
iso,01001111111
srtp,10111010100
group,01110000000
buffer,00010010111
system,10110010001
business,00010011101
identify,01010100111
component,00111111010
product,11111010010
records,11101101110
involving,01001110110
opening,11011101111
multiple,11001011011
invalid,01001010001
example,01101001010
layout,01000111011
process,11111110110
search,10100111011
indicated,01011110000
relevant,11100100100
want,10001001010
wherever,10001110000
concentrate,00111110010
group,01110000000
system,10110010001
communications,00111100011
shall,10101110100
main,11000001010
mode,11001110100
shall,10101110100
ingredients,01011011011
proximity,11101000000
fill,01111110001
remedy,11100101110
account,00000011010
software,10101000011
highlighted,01010010010
submitted,10110100100
alternatively,00001010011
previous,11111101101
location,01000000100
taken,10110011101
figure,01111010001
access,00000001101
system,10110010001
adaptation,00000111000
graphical,01110000011
execute,01101000101
shall,10101110100
javascript,01001101010
designing,00100010100
provided,11111000010
application,00001000100
created,00101110111
answers,00001011011
links,01000011001
accompanied,00000001000
information,01011011111
order,11010100010
detailed,00100011010
css,00101111011
geographical,01110011011
network,11011000111
users,10011010111
integrity,01001000001
certain,00110001001
columns,00110101100
post,11110111010
standard,10111010010
interface,01001001000
like,01000010100
io,01001110111
selected,10100100001
software,10101000011
interfaces,01001011000
stream,10111100101
integration,01001000000
access,00000001101
useracceptance,10011110011
register,11100100000
button,00010011111
withinpage,10001111111
evident,01101011001
homepages,01010110011
existence,01101000110
shall,10101110100
identified,01010100100
count,00101010111
consulted,00111000111
police,11110110001
user,10011110010
location,01000000100
want,10001001010
andor,00001011111
data,00101100011
system,10110010001
indication,01011010001
mind,11001101011
implements,01011101110
users,10011010111
stamp,10111010110
user,10011110010
delivery,00100111111
police,11110110001
implement,01011100100
access,00000001101
data,00101100011
interactions,01001000100
aware,00011101111
frequency,01110111010
use,10011110101
cases,00110000111
integrity,01001000001
shall,10101110100
authenticate,00011110011
rules,10100011100
filter,01111110010
including,01011111101
external,01111001111
transferable,10010010001
organizing,11010100101
little,01000001110
error,01101010011
notified,11011010110
compatible,00111101101
identified,01010100100
recommended,11101111000
physical,11110001010
limited,01000011111
police,11110110001
shall,10101110100
range,11101001001
module,11001110011
user,10011110010
log,01000000111
opening,11011101111
screen,10100111100
participant,11010010010
shall,10101110100
know,01000100001
information,01011011111
displayed,01100001101
using,10011011100
unconverted,10010100100
overviews,11010111110
familiar,01111011110
pipeline,11110011001
fixed,01111101000
plus,11110010001
adaptability,00000111011
cctns,00110001011
dependencies,00100110111
sending,10101100100
operate,11011100100
specification,10111001111
remove,11100101011
json,01001101100
image,01011100000
traffic,10010010101
wants,10001001001
box,00010110101
size,10101001110
text,10110000001
elements,01100100000
frames,01110101011
temporary,10110000101
viewers,10001000000
warning,10001001000
activity,00000111101
condition,00111010000
staff,10111010111
variety,10011001110
grant,01110000110
provision,11111000000
processor,11111110000
privacy,11111111110
reboot,11101110010
replaced,11100111010
provide,11111000110
verification,10011001100
want,10001001010
new,11011001100
user,10011110010
shall,10101110100
dynamic,01100111101
determination,00100001011
cctns,00110001011
navigation,11001000110
address,00000100100
error,01101010011
alternative,00001010001
track,10010011100
clear,00110110111
parameters,11010110000
requests,11100010011
provision,11111000000
important,01011101001
prior,11111111001
important,01011101001
database,00101100001
taken,10110011101
scheme,10100110111
constraints,00111001100
outside,11010101011
graphical,01110000011
user,10011110010
preference,11110100000
ingredients,01011011011
outage,11010101110
formatting,01110100010
appropriate,00001000001
ie,01010100001
fonts,01111100110
code,00110111001
module,11001110011
requirements,11100010101
filled,01111110011
using,10011011100
help,01010011010
disabilities,01100000000
users,10011010111
shall,10101110100
variety,10011001110
entered,01101111100
standard,10111010010
cctns,00110001011
cpu,00101110001
automatically,00011111010
meeting,11000100100
display,01100001100
undue,10010100000
frequency,01110111010
internet,01001011101
goal,01110001110
using,10011011100
shall,10101110100
ked,01001100100
owners,11010111101
effect,01100101110
authority,00011110111
broadcasters,00010110001
functionality,01110010011
introduces,01001010010
initiated,01011001000
domain,01100010111
version,10011000101
serverside,10101111001
navigating,11001000111
system,10110010001
iso,01001111111
among,00001010111
security,10100100100
town,10010011101
planning,11110010111
accommodated,00000001001
provided,11111000010
issuedreturned,01001111011
internal,01001011011
prices,11111101110
book,00010111001
assemble,00011001000
system,10110010001
trail,10010010111
system,10110010001
guidelines,01010000101
owners,11010111101
phone,11110001111
conditions,00111010001
google,01110000100
admin,00000100001
access,00000001101
list,01000011000
environments,01101110001
able,00000000011
knowledgepark,01000100010
logobarcode,11000000000
control,00101000111
case,00110000110
based,00010100000
structure,10110100000
bar,00011100011
scheme,10100110111
tools,10010011011
verify,10011000100
capacity,00010000111
discount,01100000111
distances,01100001011
presented,11111100101
account,00000011010
module,11001110011
impair,01011100110
seconds,10100101011
peruser,11110001101
deployment,00100110110
create,00101110110
advise,00001101100
requirements,11100010101
access,00000001101
participant,11010010010
scaleable,10100110011
processing,11111110001
take,10110011100
set,10101111111
constructed,00111000101
contents,00101000000
content,00111000000
conditions,00111010001
set,10101111111
navigation,11001000110
network,11011000111
readily,11101010111
member,11000100111
used,10011110111
effectively,01100101111
delete,00100111001
selected,10100100001
find,01111110100
response,11100001100
avoid,00011101011
want,10001001010
data,00101100011
must,11001011000
directly,00100000000
deleted,00100111011
contain,00111000010
user,10011110010
source,10111000011
operations,11011100011
units,10011100111
public,11101000001
input,01011001111
proper,11111011000
datathis,00100100000
price,11111101111
barcode,00011100000
resize,11100011011
frames,01110101011
errors,01101010010
landk,01000101101
via,10011000010
participant,11010010010
error,01101010011
processing,11111110001
error,01101010011
processing,11111110001
interfaces,01001011000
access,00000001101
stopped,10111101011
temperatures,10110001100
recommended,11101111000
logical,01000000011
optionally,11010100001
enough,01101111110
multimedia,11001011110
allowing,00001110110
meetings,11000100101
change,00110011011
ensure,01101111111
input,01011001111
user,10011110010
mobile,11001111101
shall,10101110100
signaling,10101011100
content,00111000000
authentication,00011110010
paperwork,11010110011
user,10011110010
count,00101010111
peers,11010001011
functionality,01110010011
parks,11010010000
ie,01010100001
interaction,01001000101
combination,00110100100
data,00101100011
effects,01100101100
users,10011010111
preference,11110100000
certain,00110001001
iso,01001111111
values,10011001011
module,11001110011
start,10111110001
care,00110000000
initiator,01011001010
illegal,01010100000
domain,01100010111
user,10011110010
set,10101111111
layout,01000111011
disconnections,01100000110
withou,10001111110
template,10110000100
observational,11011110000
exclusion,01101000100
spam,10111000110
similar,10101011101
changes,00110011110
access,00000001101
processing,11111110001
data,00101100011
inline,01011001110
map,11000110110
different,00100000111
feature,01111010100
scan,10100110010
possible,11110111111
documentation,01100011100
database,00101100001
begin,00010100100
ability,00000000001
school,10100110100
peer,11010001001
providing,11111000001
seconds,10100101011
maintain,11000001001
processing,11111110001
dtls,01100110010
used,10011110111
skip,10101001100
perform,11010000111
customizable,00101101111
using,10011011100
actions,00000110010
replanning,11100111111
trail,10010010111
capturing,00010000000
lost,11000000101
data,00101100011
overflows,11010111000
without,10001111010
non,11011001010
give,01110001000
system,10110010001
choose,00110010001
peer,11010001001
users,10011010111
store,10111101110
reboot,11101110010
user,10011110010
apply,00001000110
meta,11001100110
overview,11010111010
search,10100111011
offers,11011111111
http,01010111001
means,11000101000
heroku,01010010100
complainants,00111101110
elements,01100100000
presenting,11111100100
personnel,11110001100
users,10011010111
searching,10100101000
able,00000000011
software,10101000011
backend,00011100100
rules,10100011100
specified,10111001010
srs,10111011100
repeatable,11100111001
shall,10101110100
image,01011100000
use,10011110101
required,11100010110
app,00001001011
set,10101111111
alternate,00001010000
data,00101100011
activated,00000110110
conditions,00111010001
domain,01100010111
add,00000101001
number,11011010011
know,01000100001
incidents,01011111011
output,11010101010
different,00100000111
detected,00100011000
broadcast,00010110010
negotiation,11011000010
end,01101101000
watch,10001011001
lag,01000100100
screen,10100111100
compatible,00111101101
results,10100000000
processing,11111110001
ways,10001011010
shall,10101110100
needs,11011000001
posted,11110111001
accurate,00000010101
case,00110000110
easy,01100111001
meeting,11000100100
click,00110110100
user,10011110010
output,11010101010
standby,10111010000
also,00001110001
view,10011000001
requirements,11100010101
another,00001011010
within,10001111101
account,00000011010
needed,11011000000
mobile,11001111101
librarian,01000010010
remain,11100101111
meeting,11000100100
complexities,00111111000
police,11110110001
microphone,11001101101
meeting,11000100100
possible,11110111111
frames,01110101011
operational,11011100010
verify,10011000100
links,01000011001
prevent,11111101100
area,00011000101
use,10011110101
user,10011110010
lot,11000000100
integrated,01011000000
support,10110111101
barbara,00011100001
accounts,00000011111
page,11010110101
independence,01011110010
sufficient,10110101011
set,10101111111
acceptable,00000000100
part,11010010001
document,01100011101
includes,01011111111
customer,00101101001
word,10001111001
tolerances,10010011000
module,11001110011
string,10111100001
understanding,10010100010
dashed,00101100110
within,10001111101
passwords,11010011010
connection,00111011111
admissibility,00001100110
nontext,11011011110
send,10101100101
rental,11100101000
option,11011100000
correlator,00101011111
issues,01001111001
subsequent,10110101100
customizable,00101101111
different,00100000111
processor,11111110000
user,10011110010
way,10001011011
seconds,10100101011
dispersed,01100000100
different,00100000111
module,11001110011
aration,00011000011
firefox,01111111011
expected,01111000000
transform,10010010000
flexibility,01111101110
export,01111000111
taken,10110011101
support,10110111101
includes,01011111111
set,10101111111
usable,10011110100
face,01111001010
running,10100010101
enclosures,01101101101
database,00101100001
every,01101011010
users,10011010111
unique,10011100001
access,00000001101
change,00110011011
alerts,00001111110
bedrooms,00010100101
guidance,01010000110
traffic,10010010101
system,10110010001
house,01010111100
etc,01101010100
set,10101111111
ideas,01010101101
application,00001000100
different,00100000111
devices,00100001100
operable,11011101101
requirement,11100010111
policy,11110110010
started,10111110011
part,11010010001
data,00101100011
invalid,01001010001
shall,10101110100
capable,00010000101
minimize,11001111000
hardware,01010011000
data,00101100011
cutting,00101100101
case,00110000110
price,11111101111
must,11001011000
elementsrules,01101100000
product,11111010010
date,00100100001
usable,10011110100
enhancement,01101111010
able,00000000011
number,11011010011
times,10010001111
system,10110010001
currency,00101111001
within,10001111101
comparisons,00111100100
unrestricted,10011101011
server,10101101000
module,11001110011
mechanism,11000101011
happen,01010001000
record,11101101011
shrinks,10101010111
android,00001011110
admin,00000100001
conflict,00111010101
ensure,01101111111
option,11011100000
interruptions,01001010101
compute,00111110100
fourier,01110101111
alternative,00001010001
involved,01001110010
stream,10111100101
interface,01001001000
network,11011000111
branch,00010110111
diagram,00100000100
rather,11101011011
changes,00110011110
administrators,00001100001
show,10101110000
server,10101101000
system,10110010001
functional,01110010000
content,00111000000
suitably,10110101000
interfaces,01001011000
easily,01100111010
color,00110101010
userconfigurable,10011110001
able,00000000011
input,01011001111
project,11111011011
investigation,01001110000
short,10101110011
usability,10011111100
must,11001011000
task,10110011011
viewers,10001000000
accessibility,00000001110
take,10110011100
except,01101001111
search,10100111011
information,01011011111
applicable,00001001100
forms,01110100111
friendly,01110110100
nonhalal,11011011011
transform,10010010000
error,01101010011
tracker,10010010100
prevent,11111101100
retrieve,10100000110
ingredients,01011011011
needs,11011000001
differently,00100000110
configuration,00111010010
shall,10101110100
accessibility,00000001110
cache,00010011011
used,10011110111
look,11000000010
must,11001011000
component,00111111010
ie,01010100001
output,11010101010
lag,01000100100
categorywise,00110001110
occur,11011110110
initial,01011011001
date,00100100001
hardware,01010011000
system,10110010001
handle,01010001110
platform,11110010110
websockets,10001010101
directly,00100000000
proposed,11111001110
provided,11111000010
provided,11111000010
diagram,00100000100
adequate,00000100111
units,10011100111
users,10011010111
sent,10101101111
handle,01010001110
information,01011011111
internal,01001011011
likely,01000011100
see,10100100101
interruption,01001010100
assembly,00011011000
navigation,11001000110
navigation,11001000110
categories,00110001101
color,00110101010
designing,00100010100
housingu,01010111111
participant,11010010010
changed,00110011010
priy,11111111100
allocate,00001111101
components,00111111110
set,10101111111
limit,01000011101
specified,10111001010
users,10011010111
users,10011010111
https,01010111000
view,10011000001
set,10101111111
language,01000101111
interfaces,01001011000
shopping,10101110010
stamp,10111010110
able,00000000011
access,00000001101
development,00100001111
buffer,00010010111
define,00100101110
user,10011110010
maintenance,11000011010
content,00111000000
functionality,01110010011
regulations,11100100010
interface,01001001000
time,10010001101
display,01100001100
dollars,01100010101
necessary,11001000001
open,11011101010
live,01000001111
shall,10101110100
stream,10111100101
lower,11000001101
see,10100100101
internal,01001011011
formats,01110100001
results,10100000000
systemg,10110010011
user,10011110010
perlldap,11110000011
process,11111110110
stations,10111111101
cameras,00010001011
sets,10101111101
andor,00001011111
types,10010111010
number,11011010011
peers,11010001011
click,00110110100
ee,01100101010
individual,01011010011
windowing,10001110111
monitor,11001010000
never,11011000100
knowledge,01000100011
deduct,00100100100
lists,01000001010
layout,01000111011
arate,00011000001
groups,01010000001
book,00010111001
normal,11011011111
due,01100110111
search,10100111011
adapting,00000101000
means,11000101000
interfaces,01001011000
data,00101100011
received,11101111100
use,10011110101
initiates,01011001001
constraints,00111001100
meeting,11000100100
run,10100010100
customer,00101101001
track,10010011100
data,00101100011
able,00000000011
information,01011011111
amount,00001010101
item,01001111000
criteria,00101111111
different,00100000111
mode,11001110100
access,00000001101
use,10011110101
requires,11100010100
order,11010100010
descriptive,00100010010
target,10110011010
locations,01000000101
page,11010110101
product,11111010010
pending,11010001110
software,10101000011
mainly,11000001011
failure,01111011011
peer,11010001001
changed,00110011010
long,11000000001
principles,11111101010
user,10011110010
users,10011010111
one,11011101000
human,01010101000
processing,11111110001
button,00010011111
skimming,10101001101
support,10110111101
time,10010001101
specialist,10111000100
ee,01100101010
tasks,10110011001
access,00000001101
state,10111110110
needed,11011000000
halal,01010001100
understand,10010100110
practices,11110100100
act,00000110000
ppcast,11110101111
processes,11111110011
shall,10101110100
upsinverter,10011111111
data,00101100011
abnormal,00000000010
internally,01001011010
update,10011111000
attempts,00011010010
product,11111010010
revoke,10100001110
user,10011110010
standards,10111010001
units,10011100111
transform,10010010000
guidelines,01010000101
view,10011000001
entry,01101110011
member,11000100111
backend,00011100100
line,01000011110
able,00000000011
initiate,01011011000
entities,01101110111
unalterable,10010101010
taken,10110011101
accessibility,00000001110
condition,00111010000
operating,11011100111
university,10011100100
meet,11000101100
seconds,10100101011
andor,00001011111
request,11100010000
rebroadcast,11101110110
administrator,00001100000
json,01001101100
userdefinable,10011110000
lost,11000000101
domain,01100010111
selfmonitoring,10101100110
members,11000100110
successful,10110101111
webrtc,10001011100
processing,11111110001
acknowledgements,00000010001
output,11010101010
negative,11011000011
based,00010100000
function,01110110000
storing,10111101101
set,10101111111
connection,00111011111
supported,10110111100
using,10011011100
interesting,01001001001
understand,10010100110
windowing,10001110111
every,01101011010
planning,11110010111
amount,00001010101
increased,01011110111
take,10110011100
able,00000000011
case,00110000110
unalterable,10010101010
notified,11011010110
needs,11011000001
communication,00111100001
varying,10011001101
match,11000110100
channels,00110011100
accessibility,00000001110
vista,10001000101
availability,00011111000
broadcaster,00010110011
users,10011010111
requirements,11100010101
messagedata,11001100011
look,11000000010
queries,11101001100
session,10101111010
fast,01111011101
counts,00101010010
statistics,10111111111
requirement,11100010111
rules,10100011100
online,11011101001
done,01100010110
need,11001000000
leading,01000111111
use,10011110101
incoming,01011111100
migration,11001101010
accountability,00000011110
java,01001101011
operating,11011100111
system,10110010001
communication,00111100001
computer,00111110101
identifier,01010100101
notified,11011010110
skimming,10101001101
specified,10111001010
table,10110010110
sent,10101101111
presentation,11111100110
operation,11011100110
trail,10010010111
perform,11010000111
assemble,00011001000
items,01001101000
errors,01101010010
use,10011110101
etc,01101010100
warrant,10001011000
need,11001000000
also,00001110001
attempt,00011010111
grouped,01010000000
type,10010111110
able,00000000011
pages,11010110111
minimum,11001111010
processes,11111110011
personnel,11110001100
piped,11110011000
data,00101100011
performance,11010000110
data,00101100011
responding,11100001101
designing,00100010100
mc,11000111011
data,00101100011
firebase,01111111010
progress,11111011110
connect,00111011100
software,10101000011
specifically,10111001101
expected,01111000000
stored,10111101111
package,11010111100
output,11010101010
show,10101110000
data,00101100011
eg,01100100010
guidance,01010000110
user,10011110010
superuser,10110111110
generated,01110011110
downscale,01100010011
trail,10010010111
proposed,11111001110
technical,10110001011
way,10001011011
act,00000110000
accessibility,00000001110
levels,01000010011
protocols,11111000111
via,10011000010
back,00011101100
data,00101100011
navigation,11001000110
strategies,10111101100
taking,10110011111
response,11100001100
protection,11111000100
initiated,01011001000
links,01000011001
normal,11011011111
acted,00000110001
long,11000000001
select,10100100010
invalid,01001010001
notify,11011010010
abide,00000000000
software,10101000011
small,10101000101
communication,00111100001
list,01000011000
data,00101100011
access,00000001101
adjustable,00000100110
pages,11010110111
selfdescriptiveness,10101100010
actions,00000110010
windows,10001110101
captchabased,00010000010
able,00000000011
product,11111010010
mechanisms,11000101010
verify,10011000100
show,10101110000
cases,00110000111
channel,00110011101
containing,00111000011
anything,00001011000
meeting,11000100100
party,11010011101
spam,10111000110
stamp,10111010110
popup,11110110110
errors,01101010010
computer,00111110101
agents,00001101001
browser,00010010011
textual,10010000001
reporting,11100110010
accessed,00000001111
requirement,11100010111
window,10001110110
location,01000000100
peoples,11010001101
basic,00010100011
user,10011110010
must,11001011000
data,00101100011
grant,01110000110
mitigation,11001111111
buffer,00010010111
user,10011110010
changing,00110011111
requirements,11100010101
barcode,00011100000
detecting,00100001000
service,10101111011
userintuitive,10011010011
media,11000101110
via,10011000010
accessible,00000001010
peer,11010001001
specification,10111001111
owner,11010111111
aips,00001111001
links,01000011001
technology,10110001101
state,10111110110
employs,01101100101
deployment,00100110110
knowledge,01000100011
link,01000011010
identity,01010100110
specified,10111001010
system,10110010001
app,00001001011
externally,01111001110
change,00110011011
frequency,01110111010
input,01011001111
password,11010011110
links,01000011001
infrequently,01011011110
various,10011001111
content,00111000000
time,10010001101
na,11001001001
data,00101100011
verify,10011000100
simplicity,10101011110
stable,10111010101
shall,10101110100
whats,10001010011
backup,00011100111
actor,00000111111
channel,00110011101
project,11111011011
information,01011011111
layout,01000111011
must,11001011000
able,00000000011
access,00000001101
visualize,10001001100
housingu,01010111111
browser,00010010011
types,10010111010
initiating,01011001011
appropriate,00001000001
statistics,10111111111
verify,10011000100
frequency,01110111010
recovery,11101101100
get,01110011001
image,01011100000
shall,10101110100
tasks,10110011001
user,10011110010
error,01101010011
user,10011110010
recovery,11101101100
profiles,11111011100
shall,10101110100
synchronize,10110010000
action,00000110011
users,10011010111
underflows,10010100101
books,00010111010
action,00000110011
access,00000001101
different,00100000111
meeting,11000100100
productivity,11111010110
easy,01100111001
expectations,01101000000
specific,10111001100
listings,01000001011
manipulating,11000010011
filter,01111110010
track,10010011100
properly,11111001000
would,10001101110
queue,11101001111
individualization,01011010010
rapid,11101001000
library,01000010111
meeting,11000100100
information,01011011111
prosecution,11111001101
browser,00010010011
attributes,00011010000
knowledge,01000100011
numbers,11011010001
concerned,00111110001
working,10001101001
technology,10110001101
referencing,11101100010
provide,11111000110
event,01101011111
certain,00110001001
use,10011110101
must,11001011000
based,00010100000
sure,10110110111
product,11111010010
schemes,10100110101
order,11010100010
name,11001001011
breach,00010110110
currently,00101101000
possible,11110111111
easy,01100111001
maintain,11000001001
workstation,10001101011
popup,11110110110
report,11100110111
helps,01010011101
images,01011100001
must,11001011000
barcode,00011100000
potentially,11110101011
must,11001011000
data,00101100011
infer,01011010100
processing,11111110001
means,11000101000
properly,11111001000
done,01100010110
one,11011101000
frames,01110101011
shall,10101110100
positive,11110111101
users,10011010111
system,10110010001
large,01000101011
security,10100100100
include,01011111010
least,01000111100
search,10100111011
correlator,00101011111
source,10111000011
active,00000110100
respond,11100001111
observational,11011110000
using,10011011100
users,10011010111
users,10011010111
designing,00100010100
application,00001000100
processing,11111110001
lot,11000000100
keep,01001100101
groups,01010000001
shall,10101110100
user,10011110010
forms,01110100111
enter,01101111101
video,10011000011
backup,00011100111
including,01011111101
relevant,11100100100
unit,10011100010
client,00110111100
userfriendliness,10011010000
https,01010111000
interface,01001001000
navigation,11001000110
minimization,11001101000
information,01011011111
barcode,00011100000
microphone,11001101101
taking,10110011111
page,11010110101
pages,11010110111
interfaces,01001011000
control,00101000111
time,10010001101
purpose,11101000011
needs,11011000001
controls,00101000100
task,10110011011
used,10011110111
periods,11110000001
date,00100100001
website,10001010100
jqueryajax,01001101111
windows,10001110101
time,10010001101
performance,11010000110
complete,00111101001
version,10011000101
adaptation,00000111000
attend,00011010011
type,10010111110
general,01110011100
used,10011110111
andor,00001011111
criteria,00101111111
implementation,01011101100
communicate,00110100000
time,10010001101
whatever,10001010010
use,10011110101
data,00101100011
testing,10110000011
flexible,01111101111
output,11010101010
user,10011110010
ordered,11010100110
book,00010111001
information,01011011111
system,10110010001
domain,01100010111
bathrooms,00010100110
network,11011000111
exceed,01101001110
cases,00110000111
triggers,10010110111
selfdescriptive,10101100011
processing,11111110001
budget,00010010110
explanatory,01111000011
recorded,11101101010
perform,11010000111
trap,10010110011
long,11000000001
block,00010101001
means,11000101000
receives,11101111101
overlay,11010111001
user,10011110010
list,01000011000
document,01100011101
stored,10111101111
dynamically,01100111111
correlator,00101011111
navigation,11001000110
broadcaster,00010110011
meeting,11000100100
user,10011110010
current,00101111000
broadcast,00010110010
user,10011110010
report,11100110111
several,10101111100
issues,01001111001
repair,11100111000
tasks,10110011001
method,11001100101
correctness,00101011010
violations,10001000010
units,10011100111
additional,00000101111
correlator,00101011111
application,00001000100
facility,01111001000
large,01000101011
equivalents,01101010001
certain,00110001001
technology,10110001101
participants,11010010110
implemented,01011101111
meeting,11000100100
browsing,00010010010
data,00101100011
processes,11111110011
extended,01111000100
chainable,00110011001
able,00000000011
input,01011001111
shall,10101110100
proof,11111011001
expressed,01111000101
included,01011111110
access,00000001101
user,10011110010
respect,11100001110
large,01000101011
via,10011000010
compatible,00111101101
navigation,11001000110
coarse,00110111011
media,11000101110
system,10110010001
essentially,01101010111
alternative,00001010001
recommending,11101101000
correlator,00101011111
users,10011010111
text,10110000001
available,00011101000
access,00000001101
malls,11000011100
ppcast,11110101111
lending,01000110010
sharing,10101110101
assure,00011010100
stream,10111100101
assist,00011011010
stream,10111100101
added,00000101011
restricted,11100000011
first,01111111001
recognize,11101111011
activities,00000111100
check,00110010110
condition,00111010000
existing,01101000010
backend,00011100100
existing,01101000010
client,00110111100
attempted,00011010110
groups,01010000001
fourier,01110101111
processing,11111110001
browser,00010010011
case,00110000110
watch,10001011001
usernamepassword,10011010110
parameters,11010110000
users,10011010111
either,01100100011
resized,11100011001
cases,00110000111
defects,00100101111
several,10101111100
shall,10101110100
product,11111010010
another,00001011010
product,11111010010
managed,11000010110
interruption,01001010100
links,01000011001
correlator,00101011111
recent,11101111111
meeting,11000100100
santa,10100010001
understood,10010100011
etc,01101010100
zero,10001100111
simultaneously,10101011001
concept,00111110011
operations,11011100011
date,00100100001
messages,11001100010
units,10011100111
associated,00011011110
output,11010101010
different,00100000111
many,11000110010
codes,00110111000
privileges,11111111101
interaction,01001000101
users,10011010111
information,01011011111
panel,11010110110
university,10011100100
attributes,00011010000
number,11011010011
shall,10101110100
customers,00101101011
functioning,01110010110
page,11010110101
also,00001110001
webcam,10001011101
text,10110000001
application,00001000100
errors,01101010010
medium,11000101101
repo,11100110101
watch,10001011001
product,11111010010
attempts,00011010010
behind,00010101111
side,10101010101
website,10001010100
title,10010001110
search,10100111011
seconds,10100101011
posting,11110111000
version,10011000101
adaptability,00000111011
needs,11011000001
unique,10011100001
product,11111010010
features,01111010101
take,10110011100
none,11011001011
source,10111000011
would,10001101110
authentication,00011110010
see,10100100101
familiar,01111011110
shall,10101110100
hand,01010001111
system,10110010001
send,10101100101
adaptable,00000111001
design,00100010110
part,11010010001
different,00100000111
times,10010001111
specific,10111001100
orientation,11010100100
devices,00100001100
sit,10101001000
product,11111010010
operations,11011100011
identifier,01010100101
characteristics,00110010100
uses,10011010100
units,10011100111
number,11011010011
performs,11010000001
input,01011001111
technical,10110001011
text,10110000001
search,10100111011
layout,01000111011
interconnects,01001001110
wait,10001001110
search,10100111011
alter,00001110000
layout,01000111011
auxiliary,00011111001
dealing,00100100111
minimum,11001111010
frequency,01110111010
internal,01001011011
want,10001001010
processors,11111010000
system,10110010001
broadcasts,00010010000
quality,11101000111
required,11100010110
information,01011011111
system,10110010001
queries,11101001100
include,01011111010
allowing,00001110110
logic,01000000010
product,11111010010
information,01011011111
lag,01000100100
submitted,10110100100
allow,00001110101
capture,00010000011
communication,00111100001
create,00101110110
possible,11110111111
errors,01101010010
pages,11010110111
maximum,11000111110
data,00101100011
queue,11101001111
mentioned,11000100001
time,10010001101
reports,11100110011
user,10011110010
control,00101000111
indicating,01011010000
care,00110000000
sentences,10101101110
consistent,00111001001
turnaround,10010111100
spectra,10111001001
view,10011000001
change,00110011011
try,10010110101
ldap,01000111010
signaling,10101011100
account,00000011010
access,00000001101
metadata,11001100111
cases,00110000111
recommendations,11101111001
meeting,11000100100
facts,01111011000
mbytessec,11000111010
continuous,00101000110
limited,01000011111
create,00101110110
navigation,11001000110
product,11111010010
abstracted,00000000110
new,11011001100
observed,11011110001
case,00110000110
system,10110010001
case,00110000110
simultaneous,10101011011
time,10010001101
third,10010000111
system,10110010001
function,01110110000
user,10011110010
aggregate,00001101000
interface,01001001000
shrinking,10101010110
certain,00110001001
constraints,00111001100
physical,11110001010
providing,11111000001
ppcast,11110101111
receive,11101110100
behaviour,00010101101
users,10011010111
data,00101100011
view,10011000001
datelocation,00100100011
admins,00001100011
processing,11111110001
also,00001110001
tasks,10110011001
use,10011110101
shall,10101110100
area,00011000101
ensure,01101111111
prints,11111111000
scan,10100110010
approaches,00001000011
peak,11010001000
edge,01100111000
following,01111100101
iso,01001111111
inspection,01011000100
need,11001000000
navigation,11001000110
series,10101101001
cause,00110001010
also,00001110001
users,10011010111
processors,11111010000
client,00110111100
view,10011000001
code,00110111001
create,00101110110
data,00101100011
need,11001000000
members,11000100110
approach,00001000010
scheme,10100110111
structure,10110100000
fault,01111011100
system,10110010001
name,11001001011
components,00111111110
iso,01001111111
proper,11111011000
database,00101100001
combinations,00110100101
rates,11101011001
operations,11011100011
app,00001001011
communicated,00111100000
response,11100001100
way,10001011011
intuitive,01001010011
studio,10110100110
use,10011110101
content,00111000000
error,01101010011
output,11010101010
comparison,00111100101
information,01011011111
processors,11111010000
user,10011110010
needed,11011000000
system,10110010001
broadcasters,00010110001
iso,01001111111
different,00100000111
without,10001111010
shall,10101110100
interface,01001001000
capability,00010000100
includes,01011111111
tracker,10010010100
serial,10101101011
registration,11100100011
log,01000000111
useful,10011110110
viewers,10001000000
halal,01010001100
users,10011010111
page,11010110101
simultaneously,10101011001
allow,00001110101
satisfaction,10100010000
gives,01110001011
cases,00110000111
upon,10011111110
course,00101010011
one,11011101000
interactions,01001000100
availability,00011111000
api,00001001001
many,11000110010
pages,11010110111
access,00000001101
allow,00001110101
units,10011100111
system,10110010001
source,10111000011
previous,11111101101
supports,10110110101
application,00001000100
ppcast,11110101111
requirements,11100010101
show,10101110000
monthly,11001010110
single,10101011000
smtp,10101000010
segments,10100100110
monitored,11001010001
values,10011001011
utilize,10011011111
monitor,11001010000
skip,10101001100
determining,00100001010
nonfunctioning,11011011001
database,00101100001
action,00000110011
different,00100000111
filter,01111110010
restore,11100000010
link,01000011010
software,10101000011
must,11001011000
rebroadcast,11101110110
specific,10111001100
system,10110010001
respond,11100001111
time,10010001101
user,10011110010
national,11001001100
accessed,00000001111
restore,11100000010
provides,11111000011
overview,11010111010
product,11111010010
search,10100111011
allow,00001110101
meeting,11000100100
third,10010000111
specify,10111001011
requirements,11100010101
via,10011000010
designed,00100010101
clear,00110110111
certain,00110001001
users,10011010111
able,00000000011
shall,10101110100
component,00111111010
correction,00101001000
unavailable,10010101101
profiles,11111011100
filter,01111110010
feature,01111010100
data,00101100011
uc,10010111000
see,10100100101
courts,00101010000
receive,11101110100
selected,10100100001
product,11111010010
information,01011011111
fourier,01110101111
data,00101100011
allowing,00001110110
consistency,00111001000
product,11111010010
user,10011110010
short,10101110011
results,10100000000
windows,10001110101
cctns,00110001011
capable,00010000101
ethically,01101011100
basic,00010100011
suspect,10110110010
customizable,00101101111
related,11100100111
content,00111000000
program,11111011101
document,01100011101
noise,11011001110
units,10011100111
exploration,01111000110
categories,00110001101
specification,10111001111
shall,10101110100
requirements,11100010101
media,11000101110
tcpip,10110001001
peer,11010001001
chronological,00110110001
apply,00001000110
case,00110000110
navigation,11001000110
using,10011011100
video,10011000011
filters,01111110110
unusual,10011101001
server,10101101000
districts,01100011010
interface,01001001000
allow,00001110101
obtained,11011110010
experience,01111000001
access,00000001101
hardware,01010011000
case,00110000110
ip,01001110101
shorter,10101110001
part,11010010001
initiate,01011011000
set,10101111111
internal,01001011011
access,00000001101
scan,10100110010
mode,11001110100
available,00011101000
availability,00011111000
use,10011110101
documents,01100010100
privileges,11111111101
used,10011110111
viewers,10001000000
coordinates,00101001010
chrome,00110110000
home,01010110000
use,10011110101
invalid,01001010001
paths,11010011001
application,00001000100
tested,10110000010
user,10011110010
links,01000011001
processors,11111010000
page,11010110101
show,10101110000
downtime,01100010001
time,10010001101
number,11011010011
overload,11010111011
computational,00111111100
needed,11011000000
data,00101100011
follow,01111100100
processing,11111110001
application,00001000100
performing,11010000011
search,10100111011
information,01011011111
preferences,11111100000
framework,01110101000
user,10011110010
value,10011001001
interface,01001001000
blocks,00010111000
denied,00100110100
none,11011001011
investigation,01001110000
features,01111010101
display,01100001100
users,10011010111
camera,00010001001
database,00101100001
system,10110010001
able,00000000011
user,10011110010
feature,01111010100
identificationg,01010101100
v,10011011110
acceptable,00000000100
able,00000000011
buffer,00010010111
engineering,01101111011
contain,00111000010
policies,11110110011
able,00000000011
end,01101101000
track,10010011100
consistently,00111001011
page,11010110101
transfer,10010010011
warning,10001001000
products,11111010111
user,10011110010
key,01001100110
situations,10101001010
requirements,11100010101
item,01001111000
table,10110010110
following,01111100101
response,11100001100
clientside,00110111111
leisure,01000110110
correlator,00101011111
users,10011010111
handling,01010001011
isolated,01001111110
user,10011110010
target,10110011010
bandwidth,00011100010
text,10110000001
specification,10111001111
description,00100010001
explicit,01111000010
halal,01010001100
via,10011000010
rules,10100011100
address,00000100100
case,00110000110
project,11111011011
short,10101110011
secure,10100101111
menus,11001100000
bullet,00010010100
page,11010110101
system,10110010001
ability,00000000001
audit,00011110000
peer,11010001001
new,11011001100
system,10110010001
matters,11000111111
available,00011101000
performance,11010000110
system,10110010001
halting,01010001101
participants,11010010110
operating,11011100111
use,10011110101
mobile,11001111101
attempted,00011010110
make,11000011110
admin,00000100001
library,01000010111
except,01101001111
uc,10010111000
section,10100101010
appears,00001001111
support,10110111101
able,00000000011
must,11001011000
system,10110010001
lessen,01000010000
including,01011111101
level,01000010001
multiple,11001011011
site,10101001001
capacity,00010000111
ase,00011001010
shall,10101110100
well,10001010111
data,00101100011
power,11110101010
processing,11111110001
ingredients,01011011011
listed,01000001000
participants,11010010110
compatibility,00111101100
srs,10111011100
correlator,00101011111
user,10011110010
chain,00110011000
accessible,00000001010
able,00000000011
system,10110010001
product,11111010010
data,00101100011
ee,01100101010
attributes,00011010000
within,10001111101
distance,01100001010
user,10011110010
system,10110010001
software,10101000011
geographical,01110011011
budget,00010010110
add,00000101001
user,10011110010
networks,11011000101
memory,11000100010
meeting,11000100100
system,10110010001
system,10110010001
interested,01001001011
error,01101010011
recognize,11101111011
possible,11110111111
version,10011000101
user,10011110010
referencing,11101100010
adjustments,00000100011
filter,01111110010
full,01110110011
feature,01111010100
defunct,00100101001
windows,10001110101
issue,01001111010
use,10011110101
interfaces,01001011000
scan,10100110010
allow,00001110101
web,10001011111
process,11111110110
action,00000110011
programming,11111011111
information,01011011111
latency,01000101000
corrupted,00101011100
client,00110111100
implies,01011101011
less,01000110000
handle,01010001110
rates,11101011001
used,10011110111
must,11001011000
acts,00000111110
communication,00111100001
add,00000101001
anyone,00001011001
parameters,11010110000
right,10100001011
provide,11111000110
shows,10101010011
previous,11111101101
requirements,11100010101
channel,00110011101
view,10011000001
channel,00110011101
authorized,00011110100
mode,11001110100
tbd,10110011000
tracker,10010010100
used,10011110111
address,00000100100
according,00000011001
layout,01000111011
users,10011010111
domain,01100010111
particular,11010010111
input,01011001111
srs,10111011100
application,00001000100
performance,11010000110
requirements,11100010101
authentication,00011110010
customize,00101101101
response,11100001100
optional,11010100000
quickly,11101001010
long,11000000001
information,01011011111
android,00001011110
addresses,00000100101
measurement,11000101001
processes,11111110011
information,01011011111
granted,01110000010
pipeline,11110011001
communication,00111100001
video,10011000011
constraints,00111001100
without,10001111010
user,10011110010
multiple,11001011011
gram,01110000111
include,01011111010
paper,11010110010
channel,00110011101
units,10011100111
include,01011111010
eg,01100100010
select,10100100010
processes,11111110011
user,10011110010
user,10011110010
user,10011110010
mockup,11001111100
failure,01111011011
looking,11000000110
channel,00110011101
warning,10001001000
knowledge,01000100011
help,01010011010
course,00101010011
must,11001011000
clear,00110110111
goal,01110001110
resizable,11100011010
designed,00100010101
communicate,00110100000
windows,10001110101
must,11001011000
interacts,01001001100
wants,10001001001
page,11010110101
backend,00011100100
functionality,01110010011
periodically,11110000000
button,00010011111
conditions,00111010001
added,00000101011
text,10110000001
add,00000101001
facilities,01111001001
available,00011101000
implementation,01011101100
search,10100111011
policies,11110110011
identifier,01010100101
searching,10100101000
components,00111111110
data,00101100011
actual,00000111010
cpan,00101110000
helpdesk,01010011110
human,01010101000
damaged,00101100111
providing,11111000001
evla,01101011000
pages,11010110111
number,11011010011
used,10011110111
could,00101010101
authorize,00011110101
update,10011111000
use,10011110101
alternate,00001010000
attempts,00011010010
data,00101100011
except,01101001111
take,10110011100
drive,01100110000
navigation,11001000110
frequency,01110111010
able,00000000011
data,00101100011
messages,11001100010
attributes,00011010000
price,11111101111
mind,11001101011
accommodate,00000001011
userspecified,10011010101
groups,01010000001
notified,11011010110
standard,10111010010
condition,00111010000
replies,11100110100
manner,11000010000
obtained,11011110010
also,00001110001
additional,00000101111
information,01011011111
means,11000101000
entering,01101110100
sufficient,10110101011
permission,11110000010
unexpected,10011100000
avoiding,00011101110
get,01110011001
personnel,11110001100
view,10011000001
messages,11001100010
search,10100111011
file,01111010000
detailing,00100011011
important,01011101001
minimal,11001101001
access,00000001101
essys,01101010101
location,01000000100
applicable,00001001100
multiple,11001011011
screen,10100111100
enhancement,01101111010
software,10101000011
computers,00111110111
actions,00000110010
data,00101100011
speed,10111011000
stream,10111100101
understand,10010100110
labels,01000100101
clearly,00110110101
eg,01100100010
received,11101111100
name,11001001011
user,10011110010
kill,01001100000
tcp,10110001000
detection,00100001001
give,01110001000
used,10011110111
option,11011100000
behaviour,00010101101
access,00000001101
users,10011010111
identifier,01010100101
police,11110110001
choose,00110010001
cancelled,00010001111
uc,10010111000
alive,00001111111
error,01101010011
links,01000011001
considered,00111011001
levels,01000010011
filter,01111110010
regardless,11101100000
groups,01010000001
view,10011000001
search,10100111011
handled,01010001010
broadcast,00010110010
tasks,10110011001
frames,01110101011
information,01011011111
could,00101010101
password,11010011110
including,01011111101
etc,01101010100
skimming,10101001101
expected,01111000000
degrade,00100101000
owner,11010111111
include,01011111010
data,00101100011
set,10101111111
communication,00111100001
abstracted,00000000110
standard,10111010010
new,11011001100
assure,00011010100
protocols,11111000111
able,00000000011
used,10011110111
information,01011011111
management,11000010010
application,00001000100
prior,11111111001
measurement,11000101001
maintained,11000011000
partial,11010010011
receives,11101111101
specific,10111001100
interfaces,01001011000
help,01010011010
hours,01010110100
possible,11110111111
user,10011110010
users,10011010111
university,10011100100
computation,00111111101
consistently,00111001011
slower,10101000100
search,10100111011
failure,01111011011
next,11011001111
private,11111111111
connecting,00111011101
related,11100100111
allow,00001110101
distances,01100001011
reports,11100110011
evla,01101011000
power,11110101010
receipt,11101110101
cloud,00110111010
selected,10100100001
interface,01001001000
user,10011110010
sdms,10100111110
navigation,11001000110
meeting,11000100100
format,01110100000
product,11111010010
webcam,10001011101
labels,01000100101
location,01000000100
shall,10101110100
able,00000000011
data,00101100011
login,01000000001
complextocomplex,00111111001
industry,01011010111
disconnections,01100000110
citizen,00110110010
exchange,01101001101
w,10001001111
details,00100011001
application,00001000100
correlator,00101011111
provided,11111000010
broadcasting,00010110000
processes,11111110011
property,11111001011
cases,00110000111
track,10010011100
requests,11100010011
standard,10111010010
mc,11000111011
use,10011110101
textual,10010000001
perceiving,11010000100
system,10110010001
viewer,10011000000
real,11101010011
develop,00100001110
retention,10100000011
applicable,00001001100
rent,11100101001
account,00000011010
information,01011011111
record,11101101011
panel,11010110110
user,10011110010
correlated,00101011110
standard,10111010010
disconnect,01100000010
able,00000000011
must,11001011000
parameter,11010110001
successful,10110101111
want,10001001010
interface,01001001000
trails,10010010110
website,10001010100
printerfriendly,11111101000
transform,10010010000
business,00010011101
messages,11001100010
shown,10101010001
sets,10101111101
make,11000011110
mean,11000111001
version,10011000101
execution,01101000111
purpose,11101000011
indication,01011010001
desktop,00100011101
simple,10101011111
module,11001110011
page,11010110101
functionality,01110010011
series,10101101001
must,11001011000
guidelines,01010000101
preference,11110100000
make,11000011110
ice,01010101001
broadcaster,00010110011
system,10110010001
user,10011110010
offline,11011111011
meeting,11000100100
basic,00010100011
time,10010001101
pages,11010110111
count,00101010111
case,00110000110
navigation,11001000110
even,01101011101
advantage,00001100100
links,01000011001
search,10100111011
results,10100000000
advanced,00001100101
asks,00011001011
webrtc,10001011100
needs,11011000001
clearly,00110110101
quantizer,11101000100
tasks,10110011001
functions,01110010111
fast,01111011101
upon,10011111110
correlator,00101011111
product,11111010010
input,01011001111
including,01011111101
distinguishable,01100001000
places,11110011110
failure,01111011011
using,10011011100
barcode,00011100000
extent,01111001101
page,11010110101
bootstrap,00010111111
actions,00000110010
must,11001011000
screen,10100111100
pillai,11110001000
missing,11001111110
statuswise,10111111010
images,01011100001
pages,11010110111
able,00000000011
system,10110010001
system,10110010001
accessibility,00000001110
case,00110000110
meeting,11000100100
deleted,00100111011
shall,10101110100
metadata,11001100111
run,10100010100
monitor,11001010000
parameters,11010110000
result,11100000000
text,10110000001
amount,00001010101
channel,00110011101
mobile,11001111101
hiding,01010010111
station,10111111100
ppcast,11110101111
provided,11111000010
administrator,00001100000
store,10111101110
much,11001011111
properly,11111001000
input,01011001111
robustness,10100011000
alive,00001111111
framework,01110101000
give,01110001000
provide,11111000110
search,10100111011
per,11010001100
conveying,00101001111
taken,10110011101
able,00000000011
state,10111110110
form,01111100000
cut,00101100100
product,11111010010
turn,10010110100
design,00100010110
applications,00001000101
show,10101110000
rtcpeerconnection,10100011110
occurred,11011110111
different,00100000111
titles,10010001010
proposed,11111001110
sets,10101111101
per,11010001100
enforce,01101111000
time,10010001101
users,10011010111
entered,01101111100
united,10011100110
interacting,01001000111
meeting,11000100100
required,11100010110
objects,11011010000
expressed,01111000101
retrieve,10100000110
regardless,11101100000
arise,00011001100
stipulate,10111111000
extent,01111001101
system,10110010001
make,11000011110
application,00001000100
minimum,11001111010
scan,10100110010
request,11100010000
customer,00101101001
external,01111001111
stored,10111101111
arate,00011000001
output,11010101010
website,10001010100
content,00111000000
choose,00110010001
iso,01001111111
appear,00001001010
want,10001001010
application,00001000100
unavailable,10010101101
devices,00100001100
attempts,00011010010
allow,00001110101
technologies,10110001111
achieving,00000010010
negative,11011000011
going,01110001101
html,01010111011
failure,01111011011
click,00110110100
monitor,11001010000
printable,11111101011
property,11111001011
system,10110010001
still,10111111001
computing,00111110110
configured,00111010111
spatial,10111000111
execute,01101000101
software,10101000011
font,01111100111
activating,00000110111
frames,01110101011
logo,01000000000
standardized,10111010011
databases,00101100000
interfaces,01001011000
reports,11100110011
find,01111110100
different,00100000111
include,01011111010
persistent,11110000110
quantization,11101000101
navigating,11001000111
barcode,00011100000
information,01011011111
profile,11111010100
navigation,11001000110
change,00110011011
use,10011110101
copying,00101001011
module,11001110011
safe,10100010111
users,10011010111
input,01011001111
listings,01000001011
computer,00111110101
provision,11111000000
database,00101100001
data,00101100011
citizens,00110110110
presentation,11111100110
images,01011100001
users,10011010111
application,00001000100
done,01100010110
increasing,01011110110
ee,01100101010
process,11111110110
white,10001110010
error,01101010011
making,11000011101
books,00010111010
time,10010001101
state,10111110110
list,01000011000
page,11010110101
simply,10101011010
must,11001011000
connection,00111011111
fast,01111011101
cases,00110000111
done,01100010110
correctn,00101011011
forms,01110100111
ie,01010100001
personal,11110000101
automatic,00011111110
number,11011010011
page,11010110101
stored,10111101111
video,10011000011
website,10001010100
access,00000001101
user,10011110010
ict,01010101011
navigation,11001000110
account,00000011010
modified,11001110110
page,11010110101
certain,00110001001
categories,00110001101
log,01000000111
legal,01000110101
phone,11110001111
would,10001101110
home,01010110000
designed,00100010101
peers,11010001011
include,01011111010
clearly,00110110101
transmission,10010110001
end,01101101000
browser,00010010011
ie,01010100001
eg,01100100010
time,10010001101
part,11010010001
channel,00110011101
interfaces,01001011000
correctness,00101011010
like,01000010100
platform,11110010110
allow,00001110101
information,01011011111
occurs,11011110101
must,11001011000
usually,10011011101
readability,11101010100
text,10110000001
shall,10101110100
andor,00001011111
halal,01010001100
organised,11010100111
based,00010100000
suspects,10110110011
requirements,11100010101
response,11100001100
framework,01110101000
within,10001111101
domain,01100010111
reboot,11101110010
arate,00011000001
sets,10101111101
android,00001011110
authority,00011110111
testing,10110000011
police,11110110001
monitoring,11001010011
inputs,01011001101
header,01010011001
two,10010111111
frequency,01110111010
interfaces,01001011000
describe,00100110001
chain,00110011000
must,11001011000
semantics,10101100111
present,11111100010
user,10011110010
police,11110110001
happen,01010001000
data,00101100011
alerts,00001111110
user,10011110010
page,11010110101
select,10100100010
perform,11010000111
enabling,01101101100
perform,11010000111
series,10101101001
notes,11011010111
institute,01011000010
userspecified,10011010101
profile,11111010100
made,11000001110
interfaces,01001011000
user,10011110010
buffer,00010010111
content,00111000000
page,11010110101
shall,10101110100
include,01011111010
unnecessary,10011101111
form,01111100000
whichever,10001110011
safety,10100010010
access,00000001101
piped,11110011000
process,11111110110
idle,01010100010
adopting,00001100111
textonly,10010000000
selectable,10100100011
purpose,11101000011
changing,00110011111
database,00101100001
halal,01010001100
techniques,10110001110
identify,01010100111
title,10010001110
shall,10101110100
barcode,00011100000
page,11010110101
able,00000000011
subject,10110100101
requirements,11100010101
hisher,01010010001
user,10011110010
service,10101111011
data,00101100011
shift,10101110110
purposes,11101000010
act,00000110000
found,01110101101
communication,00111100001
security,10100100100
short,10101110011
uc,10010111000
broadcasts,00010010000
initiate,01011011000
place,11110011011
concept,00111110011
provided,11111000010
reading,11101010110
using,10011011100
functionality,01110010011
maintain,11000001001
questions,11101001101
like,01000010100
want,10001001010
github,01110011000
name,11001001011
defect,00100101101
log,01000000111
halal,01010001100
learn,01000111101
api,00001001001
accommodate,00000001011
peer,11010001001
halal,01010001100
tolerances,10010011000
contextsensitive,00101000010
control,00101000111
simultaneously,10101011001
changes,00110011110
ice,01010101001
io,01001110111
audit,00011110000
check,00110010110
spring,10111011111
possible,11110111111
fields,01111010011
shall,10101110100
page,11010110101
shall,10101110100
change,00110011011
properly,11111001000
information,01011011111
data,00101100011
business,00010011101
log,01000000111
implementation,01011101100
site,10101001001
security,10100100100
case,00110000110
sets,10101111101
housingu,01010111111
physical,11110001010
seconds,10100101011
management,11000010010
way,10001011011
tools,10010011011
aspects,00011001001
clientserver,00110111101
display,01100001100
site,10101001001
monitored,11001010001
virus,10001000110
available,00011101000
search,10100111011
database,00101100001
case,00110000110
preclude,11110100101
exchanged,01101001100
via,10011000010
place,11110011011
hijacking,01010010011
taken,10110011101
also,00001110001
links,01000011001
access,00000001101
location,01000000100
errors,01101010010
user,10011110010
use,10011110101
validity,10011011000
maintenance,11000011010
received,11101111100
citizens,00110110110
made,11000001110
actions,00000110010
manipulation,11000010001
selectively,10101100000
try,10010110101
interfaces,01001011000
ee,01100101010
rebroadcasting,11101110111
system,10110010001
navigation,11001000110
able,00000000011
stated,10111110111
interruptions,01001010101
interchange,01001001101
unable,10010101011
added,00000101011
trail,10010010111
number,11011010011
downtime,01100010001
content,00111000000
text,10110000001
also,00001110001
laptop,01000101110
macbook,11000001111
process,11111110110
month,11001010010
search,10100111011
processors,11111010000
technology,10110001101
disk,01100000101
evident,01101011001
apache,00001001000
media,11000101110
problems,11111110100
actions,00000110010
take,10110011100
protected,11111001100
request,11100010000
wish,10001111100
uc,10010111000
menu,11000100000
forgot,01111100001
piece,11110001001
report,11100110111
address,00000100100
processed,11111110010
access,00000001101
recommended,11101111000
broadcaster,00010110011
nonprivileged,11011011010
many,11000110010
care,00110000000
structure,10110100000
spectral,10111001000
consistently,00111001011
main,11000001010
search,10100111011
free,01110111000
stream,10111100101
shall,10101110100
specifications,10111001110
police,11110110001
channel,00110011101
opened,11011101110
product,11111010010
none,11011001011
data,00101100011
course,00101010011
product,11111010010
data,00101100011
without,10001111010
manner,11000010000
home,01010110000
interface,01001001000
resolution,11100011000
citizens,00110110110
quantizer,11101000100
critical,00101111110
navigation,11001000110
catch,00110001100
action,00000110011
legibility,01000110111
user,10011110010
must,11001011000
filter,01111110010
multiple,11001011011
ice,01010101001
use,10011110101
flags,01111101010
manufacture,11000110011
current,00101111000
standard,10111010010
use,10011110101
provide,11111000110
scan,10100110010
must,11001011000
pages,11010110111
principles,11111101010
bound,00010110100
provide,11111000110
auditors,00011110001
ability,00000000001
andor,00001011111
case,00110000110
accommodate,00000001011
constable,00111001010
uc,10010111000
logged,01000000110
database,00101100001
error,01101010011
jakim,01001101001
product,11111010010
communication,00111100001
user,10011110010
os,11010101111
store,10111101110
commonly,00110100001
data,00101100011
able,00000000011
participant,11010010010
shall,10101110100
patterns,11010011000
perform,11010000111
leaving,01000110100
peers,11010001011
watch,10001011001
connectivity,00111011010
shall,10101110100
communication,00111100001
domain,01100010111
provided,11111000010
pages,11010110111
verify,10011000100
important,01011101001
system,10110010001
condition,00111010000
reporting,11100110010
ee,01100101010
receive,11101110100
account,00000011010
must,11001011000
employ,01101100110
products,11111010111
view,10011000001
system,10110010001
execute,01101000101
providing,11111000001
software,10101000011
new,11011001100
effectively,01100101111
offload,11011111001
replace,11100111011
security,10100100100
user,10011110010
maps,11000110111
processor,11111110000
set,10101111111
predefined,11110100111
contain,00111000010
whenever,10001010001
code,00110111001
length,01000110011
content,00111000000
careful,00110000001
conditions,00111010001
one,11011101000
processing,11111110001
data,00101100011
priority,11111111010
interrupted,01001011100
day,00100100110
without,10001111010
fidelity,01111010010
actions,00000110010
module,11001110011
page,11010110101
internet,01001011101
pages,11010110111
series,10101101001
module,11001110011
understand,10010100110
made,11000001110
inbuilt,01011111001
automating,00011111011
access,00000001101
core,00101001001
without,10001111010
used,10011110111
independently,01011110011
validly,10011001000
housingu,01010111111
within,10001111101
performance,11010000110
shall,10101110100
using,10011011100
system,10110010001
applicable,00001001100
tracker,10010010100
tolerance,10010001000
reason,11101110001
activities,00000111100
users,10011010111
reliability,11100101100
equivalent,01101010000
quick,11101001110
avoided,00011101010
data,00101100011
distancing,01100001001
website,10001010100
pages,11010110111
popup,11110110110
rectify,11101100100
shall,10101110100
secure,10100101111
none,11011001011
transform,10010010000
search,10100111011
email,01101100001
information,01011011111
objects,11011010000
accepting,00000001100
list,01000011000
user,10011110010
planning,11110010111
ie,01010100001
acknowledge,00000010011
users,10011010111
generally,01110011101
requirements,11100010101
commute,00111100010
achieved,00000010110
used,10011110111
domain,01100010111
information,01011011111
interfaces,01001011000
maintain,11000001001
appropriate,00001000001
product,11111010010
options,11010100011
courts,00101010000
unrestricted,10011101011
system,10110010001
structure,10110100000
etc,01101010100
translatable,10010110000
one,11011101000
easy,01100111001
operation,11011100110
arate,00011000001
attributes,00011010000
user,10011110010
disastrous,01100000011
lower,11000001101
text,10110000001
page,11010110101
logo,01000000000
rearrange,11101010000
structure,10110100000
relating,11100100101
server,10101101000
navigation,11001000110
assumption,00011011100
pillai,11110001000
software,10101000011
module,11001110011
invoke,01001110001
system,10110010001
normally,11011010100
processes,11111110011
bulleted,00010011100
making,11000011101
user,10011110010
provided,11111000010
specification,10111001111
screen,10100111100
self,10101100001
becomes,00010100111
archiving,00011000111
operating,11011100111
number,11011010011
queries,11101001100
system,10110010001
operations,11011100011
postal,11110111011
network,11011000111
records,11101101110
provided,11111000010
horizontal,01010110111
tolerance,10010001000
interface,01001001000
attributes,00011010000
want,10001001010
users,10011010111
placed,11110011010
return,10100000101
actor,00000111111
made,11000001110
develop,00100001110
system,10110010001
sheets,10101110111
set,10101111111
database,00101100001
system,10110010001
updating,10011111011
title,10010001110
architecture,00011000010
statement,10111110101
webrtc,10001011100
keep,01001100101
interface,01001001000
protocol,11111000101
exchange,01101001101
service,10101111011
interfaces,01001011000
access,00000001101
backend,00011100100
navigation,11001000110
useful,10011110110
varying,10011001101
view,10011000001
needs,11011000001
cases,00110000111
service,10101111011
modify,11001110010
lead,01000111110
police,11110110001
feel,01111010110
new,11011001100
files,01111110000
enough,01101111110
external,01111001111
go,01110001010
potential,11110101001
data,00101100011
stored,10111101111
avoid,00011101011
system,10110010001
purposes,11101000010
impeded,01011100101
module,11001110011
user,10011110010
criminalaccused,00101111101
range,11101001001
applicable,00001001100
input,01011001111
various,10011001111
specific,10111001100
able,00000000011
content,00111000000
style,10110100111
user,10011110010
capable,00010000101
view,10011000001
list,01000011000
customer,00101101001
providing,11111000001
using,10011011100
defaults,00100101100
mental,11000100011
uc,10010111000
take,10110011100
unresponsive,10011101010
want,10001001010
replica,11100111101
email,01101100001
archive,00011000110
user,10011110010
shall,10101110100
x,10001100100
wcag,10001011110
lag,01000100100
mobile,11001111101
processor,11111110000
valid,10011011011
listings,01000001011
capable,00010000101
internal,01001011011
top,10010011110
needed,11011000000
system,10110010001
none,11011001011
customise,00101101110
processor,11111110000
navigation,11001000110
relevant,11100100100
monitor,11001010000
profiles,11111011100
nonexperts,11011001000
product,11111010010
without,10001111010
hit,01010010000
tbd,10110011000
shall,10101110100
change,00110011011
sufficient,10110101011
ingredients,01011011011
like,01000010100
within,10001111101
handle,01010001110
goal,01110001110
users,10011010111
potential,11110101001
affecting,00001101111
sets,10101111101
delay,00100111000
device,00100001101
user,10011110010
product,11111010010
item,01001111000
meeting,11000100100
title,10010001110
page,11010110101
processor,11111110000
hisher,01010010001
means,11000101000
post,11110111010
long,11000000001
members,11000100110
minimum,11001111010
rate,11101011000
attempted,00011010110
overall,11010101001
delivery,00100111111
high,01010010110
operate,11011100100
action,00000110011
figure,01111010001
broadcast,00010110010
security,10100100100
server,10101101000
bootstrap,00010111111
stored,10111101111
extended,01111000100
download,01100010010
dates,00100100010
suitable,10110101001
combine,00110100111
system,10110010001
system,10110010001
interest,01001001010
interfaces,01001011000
supported,10110111100
mobile,11001111101
text,10110000001
possible,11110111111
flags,01111101010
system,10110010001
processes,11111110011
cancelled,00010001111
peruser,11110001101
interfacing,01001011001
buffer,00010010111
associated,00011011110
platforms,11110010010
sdp,10100111010
provides,11111000011
navigation,11001000110
addition,00000101110
implementations,01011101101
lot,11000000100
analysis,00001011101
accessibility,00000001110
apache,00001001000
information,01011011111
well,10001010111
account,00000011010
whether,10001110001
comply,00111111011
processing,11111110001
accounts,00000011111
user,10011110010
streams,10111100110
see,10100100101
pros,11111001111
want,10001001010
data,00101100011
access,00000001101
accessible,00000001010
citizens,00110110110
attend,00011010011
schemes,10100110101
derived,00100110011
space,10111000010
member,11000100111
synchronization,10110110000
label,01000100110
assume,00011011111
shall,10101110100
division,01100011111
page,11010110101
page,11010110101
output,11010101010
features,01111010101
list,01000011000
mobile,11001111101
administrator,00001100000
android,00001011110
properties,11111001001
shall,10101110100
modules,11001110001
colours,00110101101
lag,01000100100
privileges,11111111101
focuses,01111101100
investigation,01001110000
network,11011000111
prevent,11111101100
information,01011011111
user,10011110010
unplanned,10011101110
used,10011110111
overflow,11010101000
password,11010011110
administrator,00001100000
interface,01001001000
feature,01111010100
communicate,00110100000
plays,11110010011
take,10110011100
createreadupdatedelete,00101110101
tablet,10110010101
output,11010101010
new,11011001100
product,11111010010
destination,00100011110
opening,11011101111
also,00001110001
critical,00101111110
system,10110010001
condition,00111010000
disruptions,01100001110
allows,00001110010
shall,10101110100
conflict,00111010101
network,11011000111
hardware,01010011000
access,00000001101
used,10011110111
user,10011110010
provided,11111000010
user,10011110010
operandi,11011101100
ppcast,11110101111
evidence,01101011011
using,10011011100
udp,10010101000
reach,11101011110
view,10011000001
also,00001110001
nameprize,11001001010
recirculation,11101111110
helping,01010011111
ex,01101001001
required,11100010110
occurred,11011110111
form,01111100000
none,11011001011
details,00100011001
require,11100010010
ision,01001111100
component,00111111010
tasks,10110011001
invalid,01001010001
applied,00001000111
always,00001010110
able,00000000011
case,00110000110
changes,00110011110
superket,10110111010
front,01110110111
members,11000100110
within,10001111101
userfriendly,10011010001
nonhalal,11011011011
command,00110100010
efficiencies,01100100100
measurement,11000101001
managed,11000010110
peers,11010001011
navigation,11001000110
difficult,00100000010
minimized,11001111001
shall,10101110100
evident,01101011001
storage,10111101010
similar,10101011101
box,00010110101
avoided,00011101010
access,00000001101
keywords,01001100001
want,10001001010
video,10011000011
functionally,01110010010
experience,01111000001
stream,10111100101
uc,10010111000
edit,01100101000
access,00000001101
mannerg,11000110000
management,11000010010
used,10011110111
hardware,01010011000
exceed,01101001110
user,10011110010
css,00101111011
captcha,00010000110
total,10010011111
user,10011110010
space,10111000010
recommended,11101111000
browser,00010010011
without,10001111010
textbased,10110000000
period,11010000000
requirements,11100010101
maintains,11000011011
camera,00010001001
page,11010110101
also,00001110001
details,00100011001
date,00100100001
scrolling,10100111111
form,01111100000
starting,10111110010
error,01101010011
message,11001100001
application,00001000100
ie,01010100001
stop,10111101001
broadcaster,00010110011
switch,10110110001
showing,10101010000
including,01011111101
page,11010110101
particularly,11010010101
measurement,11000101001
server,10101101000
login,01000000001
new,11011001100
groups,01010000001
communicate,00110100000
chunks,00110110011
proper,11111011000
system,10110010001
property,11111001011
interconnects,01001001110
safeguards,10100010110
name,11001001011
constantly,00111001110
resolve,11100001000
whatever,10001010010
operational,11011100010
account,00000011010
reasons,11101110011
essys,01101010101
conditions,00111010001
sensitive,10101101101
external,01111001111
internet,01001011101
need,11001000000
email,01101100001
system,10110010001
ee,01100101010
allow,00001110101
need,11001000000
exclusion,01101000100
requirements,11100010101
accessibility,00000001110
originates,11010101101
system,10110010001
within,10001111101
broadcast,00010110010
different,00100000111
must,11001011000
particular,11010010111
police,11110110001
component,00111111010
users,10011010111
users,10011010111
database,00101100001
google,01110000100
screens,10100111101
mode,11001110100
features,01111010101
educate,01100101011
wanted,10001001011
sense,10101101100
monitor,11001010000
automatically,00011111010
budget,00010010110
pages,11010110111
problems,11111110100
filter,01111110010
select,10100100010
important,01011101001
accessibility,00000001110
surety,10110110110
back,00011101100
shown,10101010001
information,01011011111
presentation,11111100110
comparing,00111100111
lag,01000100100
cross,00101111010
help,01010011010
errors,01101010010
provides,11111000011
error,01101010011
navigation,11001000110
also,00001110001
requirements,11100010101
information,01011011111
filter,01111110010
shall,10101110100
service,10101111011
using,10011011100
paths,11010011001
values,10011001011
module,11001110011
main,11000001010
perception,11010000101
warning,10001001000
automatically,00011111010
stream,10111100101
personnel,11110001100
etc,01101010100
value,10011001001
names,11001001110
deploys,00100110010
important,01011101001
within,10001111101
users,10011010111
within,10001111101
occur,11011110110
meet,11000101100
application,00001000100
rescheduling,11100011101
req,11100110000
units,10011100111
spent,10111011010
add,00000101001
delivering,00100111110
open,11011101010
warning,10001001000
feedback,01111010111
system,10110010001
resources,11100001010
times,10010001111
king,01000100000
core,00101001001
area,00011000101
addedit,00000101010
networks,11011000101
prefer,11110100010
showsup,10101010010
system,10110010001
amount,00001010101
contexts,00101000011
framework,01110101000
recognize,11101111011
evla,01101011000
isla,01001111101
use,10011110101
result,11100000000
performed,11010000010
broadcasters,00010110001
pages,11010110111
sum,10110111000
warning,10001001000
individual,01011010011
restrictions,11100000001
explicit,01111000010
defined,00100101010
lowbandwidth,11000001100
navigation,11001000110
progression,11111011010
encrypted,01101101011
shall,10101110100
backup,00011100111
display,01100001100
time,10010001101
install,01011000101
must,11001011000
browser,00010010011
system,10110010001
good,01110001100
level,01000010001
rule,10100011101
message,11001100001
used,10011110111
provide,11111000110
per,11010001100
spectra,10111001001
restaurants,11100000110
abstracts,00000000111
iso,01001111111
without,10001111010
might,11001101110
better,00010101110
containing,00111000011
feature,01111010100
wonder,10001111011
backend,00011100100
cases,00110000111
administrator,00001100000
segment,10100100111
files,01111110000
context,00101000001
viewers,10001000000
status,10111111110
correction,00101001000
cases,00110000111
flag,01111101001
execute,01101000101
nonexpected,11011001001
maintaining,11000011001
visual,10001000100
dtlssrtp,01100110110
data,00101100011
